"","baseMean","log2FoldChange","lfcSE","stat","pvalue","padj"
"ABCA6",75.0214553237578,2.94894726800824,0.611353258199618,4.82363875297342,1.40962624849161e-06,9.84379166833679e-05
"ABLIM3",41.8861441224339,2.48660252482031,0.742472091929713,3.34908551021431,0.000810787683120018,0.0159013471577827
"ABTB2",189.965184131859,4.10548859682993,0.689510901002938,5.95420404645994,2.61340581906994e-09,4.59134138108182e-07
"ACOD1",497.467280837055,3.30949399291269,0.61781407484728,5.35677985926556,8.47182362338686e-08,9.30228528120571e-06
"ACOT4",72.6488975308123,2.32187622724754,0.635770680945128,3.65206559037273,0.000260139416953438,0.0067522968412953
"ACSL1",12225.8676973898,2.86760214821289,0.543300665480428,5.27811271071632,1.30521178621026e-07,1.30443022226642e-05
"ACVR2A",1627.92594666065,2.7172145551316,0.591953571473646,4.59024944873159,4.42716598616424e-06,0.000248785859626536
"ADA",3334.54416471882,2.97149237661894,0.432664533930473,6.86788988601604,6.51584829555993e-12,1.97726378277991e-09
"ADAM9",1025.34406748392,2.03639089262447,0.408101896936355,4.9899079320919,6.04080770967867e-07,4.77552221365588e-05
"ADAMDEC1",187.738176258567,3.91214082784324,0.717122399661953,5.45533207397705,4.88814076887427e-08,5.6654909328133e-06
"ADAMTS10",17.9851853293364,-3.19065225639875,1.0900909732413,-2.92695961595902,0.00342293323766618,0.0449333706291288
"ADGRG3",393.809731533614,2.427239518944,0.488478260738426,4.96898166005335,6.73054348040617e-07,5.12935025972506e-05
"ADM",1361.86999391825,2.14879687806454,0.611180973934823,3.51581114220628,0.000438412721953819,0.0100647982522823
"ADORA2A",39.5522751774589,2.66090081536438,0.736967431535155,3.61060842243943,0.000305479568027933,0.00765533632190119
"ADORA2A-AS1",192.18765899697,4.43069699790031,0.603456860084128,7.34219343746068,2.10121406662159e-13,8.99211865946522e-11
"ADPRH",519.741905067987,2.30832934597642,0.461994098322424,4.99644769134139,5.83960056098213e-07,4.64109206489485e-05
"AFF3",127.308293552295,-2.52589879322908,0.671141486928341,-3.76358613261942,0.000167494000017526,0.00472208591265626
"AGPAT4-IT1",48.205648220341,-3.71996826563755,0.777031885345763,-4.78740748712293,1.68949575586977e-06,0.000112341371177157
"AHI1",352.535809342534,-3.43367754485423,0.578707330920925,-5.93335760822323,2.96801413060532e-09,5.05470977957172e-07
"AK4",614.652640748655,4.78580303127873,0.509418898229156,9.39463189904254,5.74182401038778e-21,8.12851177786295e-18
"AK5",40.8842948160596,-3.47972337791091,0.807499722855887,-4.30925643615599,1.63804347040046e-05,0.000732947601098758
"ALAS2",365.792546696576,3.32730184574593,0.709228268178347,4.6914399707898,2.71288872477898e-06,0.000167696714135412
"ALCAM",1226.73087181862,2.18380822056477,0.409470499215247,5.33324922002941,9.64707633928558e-08,1.02213904123837e-05
"ALPL",79.1574952478624,3.67761493855844,0.722968941955735,5.08682285660843,3.64111629972119e-07,3.02339457922123e-05
"AMIGO1",25.5998903109591,-3.1621891441978,0.925949028505206,-3.41507906682794,0.000637634994417587,0.0132036328248505
"AMPD3",2166.80474147815,3.04713081170855,0.447179423007574,6.81411231137291,9.48475866045349e-12,2.68306139055879e-09
"ANKRD20A11P",33.5082310790567,-5.6638298137652,1.26463973807853,-4.47861129397272,7.5130197299345e-06,0.000385822459361867
"ANKRD20A5P",32.6208789899775,-2.85661938730247,0.866313126927419,-3.29744442108841,0.000975689826645738,0.0182354571183845
"ANKRD26",157.400253928586,-2.33710704287592,0.516897446217352,-4.52141340604184,6.14280882629161e-06,0.000324441390224073
"ANKRD36C",973.260432444348,-2.17861795735519,0.47223793956906,-4.61339035856222,3.96153279802338e-06,0.000228781946017336
"ANKZF1",203.903063693727,-2.6078485922416,0.613422045653842,-4.25131214425447,2.12521726405259e-05,0.00092610642655451
"ANO5",50.4467720198774,2.90736333321507,0.975115184211504,2.98155887662237,0.00286784896313602,0.0397214931076682
"ANTXRLP1",48.765237835334,-2.12522725565373,0.736676640608948,-2.88488481716616,0.0039155689204269,0.0492841970451923
"ANXA3",92.6063129946799,3.9831660813129,0.743038465359387,5.36064587098644,8.29249351677882e-08,9.16567660894295e-06
"APOBEC3A",1495.7861776619,2.97038736495873,0.467245538140589,6.35723002680653,2.05424265464834e-10,4.76184859806677e-08
"APOBEC3A_B",1242.26959867583,3.06647799766029,0.495734191022322,6.1857302828689,6.1815622254772e-10,1.30595282966094e-07
"APOBEC3B",655.933228551547,3.45646273932312,0.585482700298291,5.90361207523659,3.55627834012632e-09,5.93542854967083e-07
"APOBEC3G",1762.04768976778,2.18324195864933,0.528486090456604,4.13112473170873,3.60992628713137e-05,0.00141758163732584
"AQP9",20464.0237448056,4.21236013990114,0.624284442262473,6.74750138676386,1.50412800406659e-11,4.18398273131191e-09
"ARHGAP11A",130.157055369272,2.46977601270862,0.55861674228974,4.42123521501547,9.81382722075833e-06,0.000484594012764664
"ARHGAP15-AS1",84.5476938718749,-2.04358542434885,0.601738679705919,-3.39613439067535,0.00068344794248497,0.0139177107379252
"ARHGAP26-IT1",25.7339424140258,-5.11795331426002,1.30733374469158,-3.91480242519665,9.04782663748699e-05,0.00285459785594816
"ARHGAP31",1292.51134118688,2.22926771869808,0.495825083241882,4.49607693124828,6.9218700847456e-06,0.000362150506941705
"ARHGAP32",20.2016700595359,-3.17050047196669,1.03005784971734,-3.07798292381025,0.00208406856920478,0.031621004018207
"ARHGEF18",352.935541360834,-2.01246296581081,0.490484724966192,-4.10300843915072,4.0781236834989e-05,0.00154508868414699
"ASTL",184.580365100941,3.13596646999529,0.741483727557775,4.22931259776154,2.34406447919153e-05,0.000992955232429101
"ATP2B1-AS1",6678.55925922544,2.60795461037557,0.632588024985301,4.12267464347933,3.74498480826854e-05,0.00145020409396756
"AUH",273.735154307825,-2.03815287327065,0.461272325913314,-4.418545745694,9.93672497684162e-06,0.000489215161839194
"AXIN2",58.9025936405361,-2.50493592044571,0.670747073788707,-3.73454617743855,0.000188053985639005,0.00520500998393864
"AZIN1",8713.86772440278,2.54783137930441,0.416314447328671,6.11996868149269,9.35937509302289e-10,1.85774646624729e-07
"B3GNT5",2308.6475052413,2.49777547536142,0.625121397308825,3.99566465987959,6.4512998940082e-05,0.00220528566844915
"BANK1",730.471007478901,-2.08680039992788,0.437111344787587,-4.77407055390418,1.80539086004452e-06,0.000119571323230726
"BATF",346.921547345305,2.87301481243668,0.456004185102939,6.30041325561106,2.9685310726905e-10,6.51905047410585e-08
"BATF2",11.2624810217482,7.41132136649993,1.92549868011977,3.84903996196919,0.00011858166281966,0.00355958264830959
"BCL2L14",39.756479895458,3.19154172068655,1.00090241962472,3.18866420752904,0.00142931804505537,0.0240234825498229
"BPI",197.074951412765,2.83917293380695,0.483187741976249,5.87592086296451,4.20499184357091e-09,6.94864493754441e-07
"C10orf55",17.2259625097772,3.35571915707176,1.12204650314712,2.99071308333446,0.00278326869116568,0.0387106287129627
"C11orf65",21.8888371725458,-3.00021871159235,0.992177406306196,-3.02387324335669,0.00249560976679911,0.0357514300003258
"C15orf48",5243.39382279116,2.63677273164096,0.406240837490316,6.49066388285943,8.54589473877062e-11,2.16033043469121e-08
"C1orf122",310.347809659986,3.49010590139863,0.50980691169406,6.84593680733203,7.5977014109013e-12,2.22466029031478e-09
"C1QTNF1",45.9533029104852,6.90994039457763,1.25144827170373,5.52155494623075,3.36012702332938e-08,4.24852424389146e-06
"C1RL-AS1",28.5305248959178,-3.03260038077328,0.927571095107882,-3.26939939888982,0.00107776054231443,0.019446295622949
"C22orf42",56.8451753746553,4.07436770845799,0.816846567274386,4.9879229119529,6.1031910798423e-07,4.78226568650554e-05
"C2CD2L",25.3035532093148,-3.87665877848014,1.01957297090745,-3.80223769077537,0.000143395054382194,0.00416219731763272
"C9orf47",49.4506553517459,-2.31658442115054,0.716917149057392,-3.23131400078294,0.00123222492036433,0.021579911726553
"CA2",643.799211636766,3.08505109448703,0.538334311314485,5.73073465622888,9.99965874952213e-09,1.47694074804889e-06
"CACNA1I",27.8129174756362,-3.86390016332612,1.01782703882821,-3.79622471787988,0.000146916334442906,0.00422810482958383
"CAMK1",57.766532928385,-3.77281048769213,0.830890839923645,-4.54068128617092,5.60727410103946e-06,0.000300917700149031
"CAMK1G",18.9203983952716,4.2410854896568,1.24869518577914,3.39641374288675,0.000682750724168786,0.0139177107379252
"CAMK2N1",34.3575742544979,2.48905630809714,0.786321315997349,3.16544427507995,0.0015484631887207,0.0256133306439529
"CAMP",213.568261307408,3.02069026433974,0.565701763461953,5.33972219894433,9.30891134651898e-08,9.95934169060268e-06
"CARD17",65.5087554633973,2.02527890234222,0.703353565922829,2.87946063042272,0.00398356030897612,0.0497758655058528
"CARD9",91.9023031847697,-2.22460372559526,0.57967073065099,-3.83770235060333,0.000124190886895924,0.00369473422868624
"CASP4",2404.63366876326,2.05722841616684,0.428167549626016,4.80472753706752,1.54962382895003e-06,0.00010582967697284
"CASP5",185.634948732021,2.90580908867667,0.719977864796615,4.03597003568648,5.43771563866474e-05,0.00192278546629904
"CATIP",144.06926678424,-2.92375686261273,0.618999268925163,-4.72336076856694,2.31978795561788e-06,0.000145553612703994
"CCDC14",117.585230169961,-2.05618527507416,0.532276889326413,-3.86299934546515,0.000112003308055297,0.00338035300441755
"CCDC141",270.322590262165,-2.19092772729708,0.47555029099504,-4.60714201796152,4.08241190318329e-06,0.000233340598164826
"CCDC144A",170.397708426762,-2.92940790925173,0.5593544457631,-5.23712277866189,1.63099198518727e-07,1.5555003561586e-05
"CCDC144B",486.369658085666,-2.47671210298011,0.457766009823425,-5.41043251318607,6.28727138045076e-08,7.09017292835968e-06
"CCDC144CP",114.469240133769,-2.52289171158613,0.553514315070624,-4.55795205814005,5.16548241139531e-06,0.000282661971954714
"CCDC146",43.1509446609284,-2.23175663581343,0.717354865346152,-3.11109151638153,0.00186397162137248,0.0293764743727164
"CCDC171",23.7219232996972,-2.65089881387354,0.914474016410414,-2.89882354916886,0.00374565623986325,0.0477725458256241
"CCDC18-AS1",164.027137135701,-2.95814655618796,0.514324590277006,-5.7515168671884,8.84462547137874e-09,1.35838036260164e-06
"CCDC7",123.638082781835,-2.23858576386516,0.540108807453403,-4.14469405603664,3.40267699003865e-05,0.00134894724379442
"CCDC88B",112.152663560948,-2.04749642124638,0.577440697635806,-3.54581246113993,0.000391404653255469,0.00918782512353555
"CCL18",34.9124861084877,3.03476826684331,0.978045006839279,3.10289224485761,0.0019163940330902,0.0298696968074337
"CCL23",27.3326377088752,3.64940722751019,0.923215566780337,3.95293077676029,7.71997760820037e-05,0.0025116262432917
"CCL3",71935.0320955676,3.62513981431683,0.690441517407613,5.2504661479919,1.51714785240707e-07,1.47213744814977e-05
"CCL3P1",5848.66088935879,3.30176392598629,0.744702006869429,4.43367131487427,9.26418289379937e-06,0.000467127530203962
"CCL4",34914.2339739968,2.39596209297787,0.541246408269032,4.42674917814315,9.56638604498585e-06,0.000476605919674071
"CCL4L1",3489.16977207984,2.2422499326621,0.640384069794157,3.50141428936989,0.000462795806538794,0.0104520460231833
"CCL4L2",21638.157487576,2.2735209812067,0.622265094592221,3.65362126361365,0.0002585675862012,0.00672195173473212
"CCL7",4700.07196505322,2.94418375330419,0.639380396142794,4.6047451111508,4.12971354765059e-06,0.000235238631775728
"CCL8",219.484724163754,7.4620416050251,0.93034644333759,8.0207127769041,1.05133300554087e-15,6.49879550462118e-13
"CCNA1",28.8900520218924,2.56480569977314,0.839100709332484,3.05661247958362,0.00223853475036793,0.0331025367048925
"CCR3",21.4621746013486,3.32444444573195,0.959151762982087,3.46602547588086,0.000528213227088453,0.0115405166959147
"CD163",875.387696198609,2.00877205151307,0.593472373243474,3.38477769493233,0.000712359219873025,0.0144112428844616
"CD1D",131.816067415522,-2.3810449089309,0.543980464719853,-4.37707797127811,1.20280954835685e-05,0.000575211786878964
"CD248",15.392120401476,-6.97025718401476,1.76688151302681,-3.94494884497045,7.98170160473282e-05,0.00258669125792215
"CD274",158.945608569327,2.7291628600953,0.499089777095029,5.46828042838404,4.54422535517813e-08,5.45633965308798e-06
"CD300E",15645.1531046727,2.38129867182418,0.489183150446723,4.86790820503441,1.12785693426393e-06,8.14888841249569e-05
"CD80",66.1954534658414,4.00886322045459,0.698134923626546,5.74224707113931,9.34283680074302e-09,1.40479230814776e-06
"CD82",2404.58052910722,2.2569118710924,0.408593107896165,5.52361708378582,3.32090809231098e-08,4.24852424389146e-06
"CD8A",3340.20454166003,2.28687394015542,0.392260472454323,5.82998823676203,5.54312832648523e-09,8.98202056010082e-07
"CD9",1360.25354430903,2.87612517200394,0.657902115194612,4.37166123284641,1.2330474283978e-05,0.000586312295725337
"CDH1",58.1204894337425,2.28226955393239,0.677621158561893,3.36806123170064,0.000756987818338532,0.0151125917321413
"CDKN1C",65.9769887176913,-2.54842768134535,0.655847629255045,-3.8857008360921,0.000102035098061149,0.00315013082246689
"CDKN2B",267.561109716568,3.21071594261974,0.60213886551782,5.33218519262766,9.70379001797796e-08,1.02213904123837e-05
"CDX2",19.8383089225937,3.43166083385275,0.991439887554553,3.46128986429743,0.000537593631298287,0.0116598271477662
"CEACAM6",94.5764560574156,4.55629365436908,0.702457767966845,6.48621719645377,8.80182561767539e-11,2.16033043469121e-08
"CEACAM8",144.081506767254,4.69072984175127,0.625896486356174,7.49441791734545,6.65932262873921e-14,3.34501696643062e-11
"CEBPA",96.4359725708397,-2.11147384497329,0.630825468748203,-3.3471601093774,0.000816440401178095,0.015937298591418
"CEBPB",245.22980934446,-2.35696236423346,0.574522082167618,-4.10247480016932,4.08754386322767e-05,0.00154508868414699
"CEMIP",27.029448132645,2.46627983544538,0.813534387740959,3.03156187692791,0.00243292049624666,0.0350954564238175
"CES1P1",44.2958026432783,2.41342252591317,0.6901167539257,3.49712206258509,0.000470306586651342,0.0105268468298083
"CFAP44",31.8174166857425,-2.49874726470049,0.867374938780197,-2.88081561154455,0.00396647610643609,0.0496288883374272
"CFAP58-DT",230.762733670623,4.342249456671,0.493253640758185,8.80327907969718,1.32875593126824e-18,1.304525676051e-15
"CFB",174.827536187509,6.32003767798875,0.91224223486086,6.92802573315706,4.26754131549899e-12,1.42450529111356e-09
"CH25H",29.3491643122412,5.70611414667472,1.250977348466,4.56132491421352,5.08318522592337e-06,0.00028092172655848
"CHIT1",30.3610697318744,5.86434728995157,1.23096610853639,4.7640201052523,1.89773583724554e-06,0.000124208671073051
"CLC",114.927020330688,2.85694182190029,0.564131241094489,5.06432123198398,4.09858036731424e-07,3.38640130348884e-05
"CLDN1",18.9114913549772,5.07976945919449,1.51760175169815,3.34723484175632,0.000816220316601954,0.015937298591418
"CLEC12A-AS1",60.5714078907005,4.95355090299483,1.1053902503789,4.4812688562224,7.42005663980918e-06,0.000383407880242772
"CLEC4D",744.409654561311,3.12041775684576,0.56613320581747,5.51180839558778,3.55165444721516e-08,4.42745583116248e-06
"CLEC4E",963.112375822533,3.00647208953175,0.439697358565702,6.83759415644183,8.05341575328562e-12,2.31743980900581e-09
"CLEC5A",1276.77154905292,2.09247488778863,0.503035416994603,4.15969694597284,3.18670137087097e-05,0.0012785107182653
"CLIC2",270.225015049043,2.21432050877252,0.553564517612926,4.0001127932135,6.33123001933435e-05,0.00216977883003471
"CLIC4",5222.95846142595,4.04787228310616,0.49191197450614,8.22885494334644,1.89011496333139e-16,1.3144174474167e-13
"CLIC4P1",130.956048666297,3.77054747227714,0.578019005854199,6.52322403604187,6.8811959942298e-11,1.7668794022107e-08
"CLIC4P2",44.1255819538609,3.97563725807533,0.770229456389872,5.16162712954328,2.44812547167029e-07,2.18498471241589e-05
"CLIC4P3",87.7843356201584,4.04848161562031,0.638276977902667,6.3428288278912,2.25584031966466e-10,5.15753081304154e-08
"CLK2",56.8089779629914,-2.80733739006536,0.722512308764464,-3.88552188801609,0.000102110292088351,0.00315013082246689
"CLU",891.900705011767,2.22278949694969,0.620540897156639,3.58201934334169,0.000340948540561434,0.00828551610726007
"CMPK2",930.266579058446,5.46364819748191,0.617896439388598,8.84233643244188,9.37374670929208e-19,9.7779895361303e-16
"CMSS1",223.172558188231,2.27591221239009,0.501596010351606,4.53734113793037,5.69679142009597e-06,0.000303768207033233
"CNP",1899.88094259607,2.36964044555443,0.552537255826282,4.28865279321444,1.79760120060829e-05,0.000796449733964694
"COL17A1",20.3295281064757,4.76419670765994,1.18041781452894,4.03602576055762,5.43642496295759e-05,0.00192278546629904
"COL19A1",135.776723404558,-2.83236223324671,0.59139818841392,-4.78926430404338,1.67393883331993e-06,0.000112200960353854
"COL1A1",63.9534124203425,-2.06114510583308,0.694950612792647,-2.96588716937798,0.00301811193075688,0.0411202352035366
"CPA3",84.1108849947412,3.52065864007326,0.614279930348637,5.73135872773036,9.96293085346827e-09,1.47694074804889e-06
"CPNE7",29.1675625765552,2.89887741609249,0.808222710403118,3.58673095766712,0.000334849491491183,0.00818427772008808
"CRISP3",47.4089613722397,4.76393565370745,0.910485952276575,5.23230000616235,1.67413744418862e-07,1.57860756742984e-05
"CRLF2",90.5417794784593,2.30847424598776,0.72013271296372,3.20562335862676,0.00134770265684022,0.0229054555424269
"CRYM",77.6133035550158,2.65260153835308,0.784017420985213,3.38334514942253,0.00071608576626367,0.0144515978705449
"CSF3",277.560507041693,7.99946175613158,0.778215591676956,10.2792360390695,8.74177534324335e-25,1.82375288098414e-21
"CSF3R",4853.79467547082,2.23193241827681,0.45899949470496,4.86260321421807,1.1585193380034e-06,8.33434816865376e-05
"CT75",63.4710083627169,4.78756616781059,0.785628585225804,6.09393071719069,1.10171357145257e-09,2.08949994403902e-07
"CTSL",3875.30612543263,2.12197083963296,0.408881429680765,5.18969727064811,2.10636245941368e-07,1.92104860369477e-05
"CTSL3P",27.1913527879081,2.70545929047902,0.823400689136744,3.28571414400373,0.00101724186205582,0.0187599631797919
"CXCL1",6204.22306958308,3.49925618027657,0.628260474160133,5.56975382695278,2.55099504903357e-08,3.37905614034685e-06
"CXCL10",1348.61006217498,6.44400542278205,1.65264245381129,3.89921329197432,9.65057357051143e-05,0.00302191506363669
"CXCL11",48.0604019818377,7.10738743392111,1.37594089431277,5.16547437705962,2.39829882595074e-07,2.15202190350096e-05
"CXCL16",5909.13962018737,2.29260672275992,0.506028031260857,4.53059234099638,5.88185387809517e-06,0.000311644892779074
"CXCL3",20110.540217344,2.09202591689411,0.695131254124819,3.00954086653462,0.00261642877443527,0.0369756107073029
"CXCL5",286.472128697462,3.12308820932013,0.578735400728325,5.39640085156325,6.79909552316482e-08,7.61589961621617e-06
"CXCL6",21.4431783738784,4.07803510511914,1.12860113748944,3.61335370810514,0.000302261924595105,0.00759186041513531
"CXCL8",378495.863803606,3.83405477012,0.681553368550517,5.62546521965553,1.85008681595818e-08,2.59624666725763e-06
"CXCR2P1",77.1812823168481,2.06193240680137,0.670688585840262,3.07435142081344,0.00210960772898467,0.0318636678703658
"CXCR3",1699.53288947956,2.55840080431409,0.416254393517802,6.14624336500768,7.93395240383234e-10,1.63478599530817e-07
"CXCR6",289.233825011714,2.62867920062215,0.467290170986669,5.62536805572386,1.85112854046529e-08,2.59624666725763e-06
"CYB5R2",76.7378434627039,2.1207684787195,0.571164231629248,3.71306248059337,0.000204766308975851,0.00554797028702427
"DEFA1",1466.93562243281,2.41911938478641,0.550770976981508,4.39224194064174,1.12187753715494e-05,0.000541160002749014
"DEFA1B",550.356200446939,2.34472868113441,0.546774324134028,4.28829331890803,1.80051227160904e-05,0.000796449733964694
"DEFA3",2261.79290393328,2.45331919134387,0.537331704967442,4.56574434127709,4.977250696707e-06,0.000276901047093466
"DEFA4",160.097316768223,2.24100627924857,0.559982132284117,4.00192461517961,6.28293184412707e-05,0.00215765704688232
"DENND5B-AS1",28.3649572277313,5.15379265318188,1.09096793644053,4.72405510834442,2.3118772463565e-06,0.000145553612703994
"DGKA",701.292447474069,-2.01329459841851,0.510690582772838,-3.94229826500256,8.07045249614158e-05,0.00260533563173313
"DHX58",400.97540772167,3.36146083039017,0.657364171156843,5.11354433034371,3.16169513912472e-07,2.70608676266623e-05
"DIAPH1-AS1",39.6928608322319,-3.50187833875464,0.850271739701961,-4.11854019749278,3.8128006671576e-05,0.00147304729478843
"DKK3",86.3417113680681,3.03703869942593,0.634358741670228,4.78757286678133,1.68810454201225e-06,0.000112341371177157
"DLX2",73.8989958212205,-3.07323788688584,0.896384404415697,-3.42848210181559,0.000606966555793096,0.0127424802719331
"DMTN",231.842881842143,2.26932038395057,0.492271487110178,4.60989604998727,4.02870359055719e-06,0.000231115008524513
"DNAAF1",481.530381167614,4.41304513871474,0.491184377307715,8.98449816930979,2.59917698003568e-19,3.09859027119967e-16
"DNAAF11",13.6309169659266,-4.47808911927262,1.47619398593442,-3.03353702964588,0.0024170504589247,0.0349269023025569
"DNAJB4",581.260685130192,2.4117666689182,0.621127480585254,3.8828851472579,0.000103224332165853,0.00317862380783778
"DNASE1",64.5649839204738,-3.5304779802685,0.685253261726181,-5.15207760029494,2.57616387514315e-07,2.27492989820842e-05
"DOCK4",345.374489684553,2.7327032204795,0.486167295666405,5.62091124770886,1.89952844201893e-08,2.64192747477466e-06
"DPYD-AS2",13.4747430635209,-5.37254724463884,1.6974475816771,-3.16507402209774,0.0015504350195531,0.0256205549270705
"DPYSL3",236.323156810981,4.69664153677974,0.765411428771984,6.13610061233991,8.45716070989671e-10,1.72134161278264e-07
"DRAM1",1662.79788462536,2.7234698953901,0.473690014085979,5.74947711457513,8.95198687584755e-09,1.35838036260164e-06
"DSC1",46.1971362041492,-2.44231097275444,0.741272703732067,-3.29475368573292,0.00098507984210659,0.0182476985688469
"DTX3L",2612.78841065576,2.591818733189,0.535503137526752,4.83996927666837,1.29859202680104e-06,9.14493710013054e-05
"DUSP10",1929.4847815218,2.24358115304832,0.499085556974357,4.49538385091676,6.94445572567351e-06,0.000362196768942159
"DYRK3-AS1",8.85499662300967,7.00813440179014,2.07550614255951,3.37659053764481,0.000733902140389809,0.0147221475037331
"EDN1",183.612259170888,2.07278968266864,0.518807133684056,3.99529911616623,6.46126238389235e-05,0.00220528566844915
"EHD1",11576.921276392,2.1336260496914,0.463550758076428,4.60278839483555,4.16871722715387e-06,0.000236652688847613
"EHD4",3994.62250201681,3.00810334029995,0.501933053769555,5.99303695524506,2.05958024491276e-09,3.65685045612701e-07
"EHF",73.1063066682756,4.70595769527184,0.680485796092619,6.91558548656514,4.65934962024025e-12,1.52479500317274e-09
"EIF2AK2",3101.19017991851,2.57146518301337,0.622541276813412,4.13059387190496,3.61827308268908e-05,0.00141758163732584
"ELOVL7",118.799030999922,2.86101917742832,0.705705776216684,4.05412464209426,5.03223812912789e-05,0.00181792325487326
"ENPP2",97.2714465406745,2.42006251997167,0.597146635000777,4.0527106377624,5.06276061784722e-05,0.00182131800513629
"EPB41L1",42.33575906878,2.08962913828839,0.71316400398874,2.93008217829427,0.00338872372998108,0.044679229349857
"EREG",16037.1396236965,3.79385511674717,0.654777728240502,5.79411142608943,6.86838481647961e-09,1.07133965034621e-06
"ETV3L",166.994325172182,2.68321742415316,0.798323331947285,3.3610660202154,0.000776422644367603,0.0153960237591737
"ETV7",177.986608301267,5.79969969783493,0.90544692037835,6.40534477207285,1.50029959703031e-10,3.57714289634799e-08
"EVI5",388.902866289272,-2.24102419157778,0.530734992989428,-4.22249186727814,2.41616119742024e-05,0.00101320930615437
"EXT1",262.538061312742,2.86824753222996,0.825893093919097,3.4729041244543,0.000514859241443358,0.0113364125853425
"F2RL2",51.5153735549958,-2.14987996791644,0.664563860206289,-3.23502389559536,0.0012163255080437,0.0213689186623677
"F3",2708.05208002144,3.80941094984728,0.575269673391386,6.62195684224003,3.54474562076078e-11,9.24403193914023e-09
"FAF1-AS1",13.0227536333048,-5.20079849058516,1.68861397387713,-3.07992150428787,0.00207055157290621,0.0314731382074724
"FAM117B",505.453544035635,-2.00567504085419,0.536954602304328,-3.73527861060672,0.000187507476506156,0.00519850462273711
"FAM153A",27.5609657946663,-3.27114136000085,0.949641567550948,-3.44460633545863,0.00057189163819492,0.0122057179558481
"FAM153B",21.5879059117117,-4.57657505406856,1.26664172217823,-3.61315672295894,0.000302491742124924,0.00759186041513531
"FAM157B",41.4526100139926,3.41969297562616,1.0428802439639,3.27908501040175,0.00104144258359253,0.018996368000174
"FAM157C",19.4116780043066,4.4655063669862,1.44552408726431,3.08919540416464,0.00200699388279288,0.0308157570412265
"FAM177B",813.133893200505,3.48356006960007,0.474257811940973,7.34528769350801,2.0531698997872e-13,8.99211865946522e-11
"FAM193B",77.1804170272921,-2.209880128989,0.644537212036083,-3.4286307876748,0.000606634168763515,0.0127424802719331
"FAM247A",88.5092708332141,6.36101316555415,1.06986028050195,5.94564849399746,2.75364488435125e-09,4.78732636664816e-07
"FAM247C",80.0353683531655,6.00353239004072,1.06995700824869,5.61100338028283,2.01156835280616e-08,2.77463436432519e-06
"FAM247D",28.9046139264753,6.38459056831964,1.48898355652752,4.28788520889326,1.80382264492903e-05,0.000796449733964694
"FAM89B",29.469912112947,-2.88703091966469,0.878840743197584,-3.28504446569067,0.00101966278224011,0.0187838541231649
"FAXDC2",96.0108615157688,2.32664462243278,0.582482078041389,3.99436259095934,6.48685282898644e-05,0.00220950150440375
"FBXO30",1313.96326463875,3.45793030624346,0.72161430016152,4.79193705760747,1.65178728190086e-06,0.000111162619898893
"FCRL1",197.752039994416,-2.47660865554505,0.523005266062054,-4.7353417188178,2.18686318799699e-06,0.000140203416555622
"FCRL2",27.6951830073446,-3.38991414686061,0.935987350204103,-3.62175209539039,0.000292614464807337,0.00739191003437137
"FCRLA",119.055351853916,-2.58281479723379,0.680368886468345,-3.79619769304951,0.000146932342789612,0.00422810482958383
"FERMT2",16.4226909686763,4.45858919238956,1.21726693606978,3.66278673992831,0.000249486236208729,0.00656717233051144
"FEZ1",626.973419177269,2.95462819606447,0.645309531607282,4.5786216557275,4.68049915217054e-06,0.000262139365267538
"FFAR2",222.014731647161,2.43093277092096,0.570141706193244,4.26373433922587,2.01038448916654e-05,0.000878359087020671
"FGGY-DT",48.0638899936695,3.89940770584989,0.887107886619475,4.39564089629444,1.10446395381086e-05,0.000537419923880563
"FLVCR2",430.841079568474,2.04560900459615,0.455383758110612,4.49205525705041,7.05391146970485e-06,0.00036675944682048
"FRMD7",24.8025137716468,4.92226355668263,1.15861021475225,4.24842064570886,2.15282877540984e-05,0.000928442177302072
"FTH1",61018.0601303296,2.15472436861808,0.411713769427147,5.23354944289606,1.66285499595081e-07,1.57687783422835e-05
"FTH1P1",3923.90166487096,2.17850222262484,0.407226857809514,5.34960349703621,8.81471399064745e-08,9.55308938337051e-06
"FTH1P10",8738.72743536985,2.13796847415176,0.410273078568384,5.21108643445977,1.87737953876617e-07,1.75047287720712e-05
"FTH1P11",23470.5595564741,2.07960443174195,0.411610797352076,5.05235636460511,4.36392510810947e-07,3.58604977116098e-05
"FTH1P12",4589.06885596286,2.18792490303312,0.420147723429275,5.20751340784409,1.91388012768811e-07,1.77459218506192e-05
"FTH1P15",1696.24602487986,2.13099342265827,0.41811875224805,5.09662245761715,3.45766928186227e-07,2.92648902434187e-05
"FTH1P2",39197.7008176166,2.01027719105529,0.400112169981924,5.0242840430125,5.05314039169623e-07,4.07424701146908e-05
"FTH1P20",22180.4150652707,2.05147923062999,0.406111654327464,5.05151528839357,4.38318845606255e-07,3.58604977116098e-05
"FTH1P21",105.394153690945,2.13607224716607,0.541251011978393,3.94654642650599,7.92865534252823e-05,0.00257449917639681
"FTH1P23",16022.6263553743,2.0205986432988,0.401652172686753,5.03071757282553,4.88647513921411e-07,3.9783058572431e-05
"FTH1P3",2510.13711091287,2.193279368268,0.421895752017724,5.19862870810764,2.00764089397185e-07,1.84107288573573e-05
"FTH1P4",594.358227602321,2.25513173828204,0.443286480092159,5.0873009657619,3.6319522437423e-07,3.02339457922123e-05
"FTH1P5",22074.350320126,2.02295058777099,0.405952060423162,4.98322532385297,6.25330594928311e-07,4.87699421932407e-05
"FTH1P7",28703.1112650776,2.02870238668882,0.405700937723755,5.00048730000762,5.71855950712891e-07,4.56663914708045e-05
"FTH1P8",14477.837953289,2.07079319214157,0.40636859215469,5.09584951229029,3.47180842911738e-07,2.92648902434187e-05
"GADD45A",225.065235604244,2.00162147557937,0.6227175601094,3.21433279515631,0.00130748038768036,0.0223584504819521
"GAL3ST4",23.5949754509802,-2.7092215747383,0.937899502006633,-2.88860540915304,0.00386954311283553,0.048852250040261
"GBP1",3338.87920810152,2.63742083228269,0.689796712045053,3.82347550550579,0.000131583669115624,0.00388695829653057
"GBP1P1",171.848254987974,2.77954892806964,0.749743696972041,3.70733217137442,0.00020945413428051,0.00562929066206395
"GBP2",4099.83494520535,2.04198569438426,0.455168191397463,4.48622230853814,7.24970985265818e-06,0.000375769122487159
"GCSAML",180.516917617589,3.55359854122502,0.583733254121472,6.08770961074205,1.14537370179928e-09,2.14789742505955e-07
"GFI1B",65.3277202632825,2.14381650062148,0.674719365402347,3.17734544249087,0.00148629886868908,0.0248311592776985
"GNG12",38.139502645873,3.21384337459046,0.875337963667991,3.67154574345577,0.000241087915735531,0.00638691637083493
"GNG4",28.3769950022487,3.18058104645397,0.999629227661888,3.18176075532854,0.00146382684686442,0.0245047844274496
"GOLGA8A",150.157622112462,-2.18995620354472,0.563483003511443,-3.88646363758556,0.000101715154527115,0.00314958428396577
"GOLGA8B",410.799134655732,-2.41263373011127,0.578409797130092,-4.1711494896561,3.03066953901258e-05,0.00123672065051638
"GPC4",38.6584953510154,2.55628117187284,0.813076405589538,3.14396181502691,0.00166677187529301,0.0272395068930609
"GPR21",19.1559649181925,-3.97089572958374,1.23432978857057,-3.2170460166746,0.00129517823459341,0.0222163666344954
"GPR22",84.1305685282838,-2.82517543830498,0.622146317022061,-4.54101448647619,5.59841842972566e-06,0.000300917700149031
"GPR31",116.367762261728,4.51469707546227,0.827878742527874,5.45333131960477,4.94348383360269e-08,5.69012035743648e-06
"GUCY2D",27.2136756514427,4.19201115250308,1.23576620414745,3.39223644281091,0.000693245895531924,0.0140757591197419
"GXYLT2",12.6249522358978,7.52488153449863,1.87875990418381,4.00523851809989,6.19549341019267e-05,0.00213201618589929
"H2BC4",200.380225223612,2.80610137947324,0.567072813102351,4.94839695121614,7.48271878696778e-07,5.62552146641857e-05
"HAS1",56.4718370519386,2.24787156082986,0.734723440297407,3.05947984988739,0.00221721702392758,0.0329522280760029
"HBA1",18572.5912231175,2.67202778209669,0.537245437894964,4.97356998054043,6.57310299615709e-07,5.05553405556967e-05
"HBA2",33823.7028300825,2.64094076521927,0.535394939157967,4.93269654243046,8.11021045130917e-07,6.0226581441234e-05
"HBB",58681.3126882804,2.8094390942384,0.544645312938313,5.1582911437936,2.49213892072018e-07,2.21243609504361e-05
"HBZP1",34.1507282899713,3.19625188185538,0.837688490457466,3.81556141485231,0.000135873655471008,0.00397847598212478
"HDC",196.461327934742,3.10893960488552,0.566488363175987,5.48809085407406,4.0630108573801e-08,4.98615082424072e-06
"HERC2P2",52.6745708987861,-2.0774301051044,0.682504977780798,-3.043831433815,0.00233585983145531,0.0340368355334788
"HERC5",2285.70481717191,3.7097640166115,0.685460016228355,5.41207937557605,6.22970613342883e-08,7.0730473038726e-06
"HERC6",1124.90863384449,3.27255965660906,0.712553004064475,4.59272452426984,4.37496408715899e-06,0.000246682941265823
"HEY1",60.8746579157304,2.38263701709492,0.659352665864425,3.61360033931345,0.00030197441679417,0.00759186041513531
"HHLA2",21.4298428754826,3.7335185614705,0.982447282514414,3.80022279863727,0.000144566052151019,0.00418366674228988
"HIC1",36.2876668555908,-3.86535450257583,0.950848668782837,-4.06516265887378,4.79989743577659e-05,0.00174913293019894
"HLA-DOB",107.06677344595,-2.01457076989499,0.561471489594686,-3.58801970755321,0.000333199109902273,0.00816606922800136
"HLA-DRB3",5084.20734081253,3.38543424362239,0.491296499037561,6.89081695117791,5.54728820617905e-12,1.74687245587035e-09
"HLX",349.230842357352,2.79989682663982,0.587088424799207,4.76912285844747,1.85029795275448e-06,0.000122044037963149
"HMGA2",13.0623989587908,6.07983547755309,1.82099400162432,3.33874547204982,0.000841576373837146,0.0163134839481324
"HOXA5",19.7604301203401,3.57023192270035,1.13504976744501,3.14544086532605,0.00165836717028403,0.0271354392863141
"HS3ST3A1",51.6675272541773,2.8998467678699,0.661419088670559,4.38428043209117,1.16369787228744e-05,0.000558106824381536
"HS3ST3B1",3456.19828157113,2.90054565330826,0.41988430676104,6.9079639476952,4.91658882144919e-12,1.57803591211513e-09
"HSBP1L1",58.0071402941302,-2.26479214038624,0.647202143696526,-3.49935821820794,0.000466379560718098,0.0104762784231293
"HSP90AB4P",43.2659543918341,-2.25913519246841,0.73649444046493,-3.06741649134823,0.00215917781596187,0.032365567147803
"ICAM1",5344.35648594961,3.0901107309844,0.537460830788611,5.74946220071574,8.95277650606231e-09,1.35838036260164e-06
"IFI44",841.111548954335,3.28337689521816,0.541027991404911,6.06877453177991,1.28889942782176e-09,2.39019238337169e-07
"IFI44L",528.448830265973,3.08501548152384,0.582157797227984,5.2992770967142,1.16262076011698e-07,1.18317929794832e-05
"IFIH1",1301.37682637189,2.99693890145647,0.514865988393093,5.82081351073506,5.85618832427059e-09,9.30855077448345e-07
"IFIT1",3716.11904640811,6.67608469441672,0.640521895475182,10.422882873448,1.94952625179675e-25,4.64822759178396e-22
"IFIT2",11145.9505183691,5.04814063948651,0.39184445488799,12.8830217616057,5.60954767460804e-38,4.68116753446041e-34
"IFIT3",21047.003799987,8.04794031500152,0.435771464540905,18.4682590987921,3.71884971261421e-76,6.20676017035311e-72
"IFIT5",2617.14734790792,3.97406745370091,0.397102212887598,10.0076688689362,1.41036577724386e-23,2.35390048222e-20
"IGIP",12.900259304735,-5.30818222269517,1.70237123731319,-3.11811084817959,0.00182014332896587,0.0289925117187317
"IGLV3-10",36.1226126147653,-2.58269648181765,0.791333545785527,-3.26372677560876,0.00109957147538845,0.0197119741398853
"IL12B",53.0675641897056,8.20228645716189,1.55713143385415,5.26756205599157,1.3824743462719e-07,1.3652956709632e-05
"IL15",310.778544050446,2.04440967118919,0.489972383977137,4.17249979395692,3.01275872056821e-05,0.00123242507466381
"IL15RA",242.123778840075,3.0559810424253,0.486497112720776,6.28160160156855,3.35102686573608e-10,7.26345953105651e-08
"IL18",256.203215228325,3.05375413663003,0.533755249050724,5.72126296099398,1.05735098905274e-08,1.54799894800791e-06
"IL19",86.1156784129373,3.64429088066858,0.768513851066439,4.74199765640076,2.11621072783295e-06,0.000136368946129467
"IL1B",30842.1174631054,2.16768729911843,0.587006624320905,3.69278166430606,0.000221814451506762,0.00594234862864824
"IL1RL1",68.2155868240503,4.37842521761848,0.827386275158486,5.29187557139474,1.21068256452688e-07,1.22462375769416e-05
"IL1RN",12032.0446859657,2.5604042061775,0.431099155837732,5.93924662460078,2.86334842269127e-09,4.92673043038322e-07
"IL21-AS1",23.3032207553072,5.92782169305545,1.34384163370176,4.41110138605143,1.02846145091563e-05,0.000503373067911493
"IL27",32.7113451867468,3.24833171518116,0.874940784451579,3.71263035499853,0.000205116355488705,0.0055484472821823
"IL36G",59.3585317668865,9.78919851994283,1.57640709531363,6.2098163279297,5.30465658626016e-10,1.13506049262413e-07
"IL36RN",12.966695774887,6.09865228432115,1.7374845998489,3.51004681414241,0.000448027806929718,0.0102152788219358
"IL6",2151.18605015448,5.81058160904765,0.536104536248434,10.8385234896707,2.26090481185679e-27,7.54690026197797e-24
"IL6-AS1",14.710320854719,7.74557478521592,1.86379986880208,4.15579747314514,3.24154877580886e-05,0.00129120403504176
"INHBA",585.52744190008,3.05296241579168,0.776183620077634,3.93329920500811,8.37878345510464e-05,0.00268410548686557
"INHBA-AS1",40.1695659227853,4.92317665365648,1.13788942600456,4.32658617010187,1.51438092458717e-05,0.000692466236475611
"INPP4A",322.368173161392,-2.11879564581245,0.466512261879317,-4.54177911053614,5.5781471264986e-06,0.000300917700149031
"INPP5F",107.829731560256,-2.10743815782554,0.54624763323513,-3.85802707344344,0.000114305988860471,0.0034436226607965
"INTS3",103.76140536266,-2.28671406795067,0.548833114415065,-4.16650163390343,3.09309676897073e-05,0.00125605316482048
"IRF7",2565.49629658409,2.12272143604888,0.598723423558215,3.54541237660879,0.000391999293233637,0.00918885983717613
"IRS1",84.3501141031337,2.38219497746236,0.717153572674198,3.32173619184436,0.000894592315312409,0.0170637094200733
"ISG15",5254.93224176072,4.17849818250704,0.684030041850096,6.10864717462622,1.00479178018264e-09,1.94999707107537e-07
"ISG20",4363.24128263737,2.12627603954473,0.65939461441762,3.2245881192443,0.00126154025246679,0.0218187635374827
"ITGA2B",410.268101738237,2.33188310191349,0.638633963813306,3.65136092667188,0.000260854343631477,0.00676034005467291
"ITGB8",924.877580294131,4.79745602756445,0.537072091855174,8.93261091074924,4.16070917487849e-19,4.62948240858147e-16
"ITGB8-AS1",155.533412313656,4.33239797062027,0.605814787117926,7.15135725100242,8.592404440212e-13,3.25925522970769e-10
"KCNJ2",1467.79131350729,2.99136405283881,0.473784431380597,6.31376603938218,2.72325543597577e-10,6.06015109685809e-08
"KCNJ2-AS1",433.420178335882,5.54941855881038,0.54733270825953,10.1390223443014,3.7079180460645e-24,6.87612802097962e-21
"KHDC4",265.584206548799,-2.56649673919337,0.465648792611031,-5.51165766972628,3.55469791117899e-08,4.42745583116248e-06
"KIR2DL3",179.401874564126,2.59548619214333,0.484712052478587,5.35469703893528,8.56998866213165e-08,9.34856933143642e-06
"KLHL2",105.956642325841,-2.13833770047472,0.581343489038385,-3.67826894219079,0.000234822283290205,0.00625069203845857
"KLHL3",75.3104567790052,-2.06924464367135,0.593248087488008,-3.48799210197737,0.000486662454320623,0.0108154412285102
"KLLN",24.1183251382842,3.23243242758942,0.932708398221798,3.46564095890209,0.000528969159519158,0.0115405166959147
"LAIR1",2550.68570898629,2.00103651400564,0.430948984847129,4.64332574008839,3.42845170060727e-06,0.000204360210296912
"LAMP3",339.598694759512,4.67641546867004,0.674138478294369,6.93687664958954,4.00863543278803e-12,1.36539031373943e-09
"LCN2",98.7909222566867,3.08381005476249,0.713496015392513,4.32211251112034,1.54542341425212e-05,0.000700537242647244
"LCP1",54235.9328885385,2.20287613427672,0.454841593565636,4.84317214045385,1.27782491282353e-06,9.03682109958674e-05
"LCP2",10173.3646455463,2.28434357448131,0.520197122773259,4.39130374713164,1.12673007277396e-05,0.000541934435579177
"LFNG",305.669977582208,-2.36787221257692,0.54761554813771,-4.32396819379837,1.53247400260206e-05,0.000698824893536294
"LIF",38.0720825657917,-4.03982308886478,0.98353663052206,-4.10744548143616,4.00059167055793e-05,0.0015314191509544
"LINC00309",53.4494107145741,5.16547341596228,1.00963448425701,5.11618164445278,3.11782820107052e-07,2.68229652968386e-05
"LINC00342",42.2514638255055,-3.81178931706066,0.898026896945363,-4.24462711531966,2.18957218498664e-05,0.000939433413044397
"LINC00673",20.9950713573611,3.21625054554652,0.941302796778335,3.41680759533949,0.000633600418040488,0.0131489955556185
"LINC00677",16.3555225841384,3.51027868292197,1.10682209755462,3.17149313397109,0.0015165745312231,0.0253116289261136
"LINC00861",329.520706805701,-2.32724961791877,0.451805023045087,-5.15100430321362,2.59095243250447e-07,2.27594716307892e-05
"LINC00884",191.040712836588,2.35729968654368,0.601529598834287,3.9188423830048,8.89752724706232e-05,0.00281783168412657
"LINC01093",68.6249009869233,5.4824737409944,0.845050165442447,6.48774944399178,8.7128014368781e-11,2.16033043469121e-08
"LINC01181",20.7212125192783,4.02330457661475,1.1374206262741,3.5372178802437,0.000404365933559389,0.00942579250154497
"LINC01465",146.556223376887,3.50550278859551,0.782462058664034,4.48009299592208,7.46105243781786e-06,0.000384336312306112
"LINC01550",69.7608771804231,-2.37369239212829,0.816604910019145,-2.9067819247776,0.00365167674968099,0.0468098962766326
"LINC01888",22.4266344813442,3.14560775972921,0.962610937666319,3.26778726133653,0.00108391806642982,0.0195152022963471
"LINC02295",10.8340975762097,-6.45988955188934,1.83830442406549,-3.51404776451716,0.000441333447259601,0.010117933014784
"LINC02397",37.5557189207298,-3.21098351647624,0.827136242058598,-3.88204911500995,0.000103579949770917,0.00318370048190902
"LINC02404",21.9245243067191,4.16797096538225,1.20730796441207,3.45228482561363,0.000555860625242135,0.0119245679116854
"LINC02426",31.6008918089043,4.37365870905837,1.00131769487925,4.36790314545053,1.25445097691815e-05,0.00059311010778368
"LINC02458",18.5223870611176,3.78388831706158,1.14362113242885,3.30869044805536,0.000937334100910401,0.0176488987731607
"LINC02597",31.2616576626434,3.48974822910634,0.957719436829016,3.64381059306973,0.000268631136023504,0.00689762101574197
"LINC02605",29.1170961495074,2.81528238795822,0.961775048655216,2.92717345068853,0.0034205805629896,0.0449333706291288
"LINC02757",41.1708258097783,3.16575431854012,0.779760200080329,4.05990754364483,4.90921511806193e-05,0.0017850719024064
"LMO2",177.19387638733,-2.3614890114249,0.615154169621374,-3.83885719717773,0.000123608292249005,0.00368396856720695
"LOC100128059",237.96735246661,2.46606787251318,0.565529165908685,4.3606378259037,1.2968386524265e-05,0.000611419127372833
"LOC100288175",229.207109695403,2.02294653329631,0.485935051055767,4.16299776873711,3.14096438152596e-05,0.00127239552251622
"LOC100418883",16.9486941598952,-5.70881240594407,1.87288930151937,-3.04813124903476,0.0023026933030515,0.0336826916984483
"LOC100422495",12.2149334862281,-5.22867902501742,1.71656193186046,-3.0460182810593,0.00231893735386848,0.0338609487629615
"LOC100506098",44.4824650710989,3.26867478444428,0.82132142577544,3.97977537400562,6.8980415326132e-05,0.00233053265545171
"LOC100506178",26.9855090996675,3.93644372429861,0.952243157329833,4.13386401781737,3.56714582087843e-05,0.00140608026991297
"LOC101926887",182.823002716595,5.44963950458436,0.640887386964532,8.50327158160464,1.8432101506101e-17,1.46491321017536e-14
"LOC101927723",115.860503491481,2.13710834507072,0.730257518177459,2.92651330780464,0.00342784840202868,0.0449417045010674
"LOC101927817",22.655778997085,-3.14879115111919,0.973718213562966,-3.23378068445217,0.00122163227671046,0.0214395822274422
"LOC101927864",33.6384702007308,-3.22776770613809,0.895836789160211,-3.60307563296648,0.000314473975878721,0.00783368754838187
"LOC101929141",66.8720611293059,-2.90322856591707,0.658062575436766,-4.41178190993485,1.02523354565382e-05,0.000503269055204771
"LOC101929319",9.91870601659896,5.7050536652447,1.81493647812346,3.1433902695831,0.00167003016763148,0.0272461422265586
"LOC101929356",18.5901974365669,-3.39265942009421,1.09782471462715,-3.09034709721072,0.00199922711353016,0.0307247702806799
"LOC101930129",19.6961020501852,4.10121577059766,1.27369882434214,3.21992585077238,0.00128223757844111,0.0221080012233286
"LOC102723348",38.0419717249337,3.2131891613197,0.956854493562402,3.35807500820411,0.000784873118382616,0.0155207729215709
"LOC102723458",54.9510076231706,2.17895923549941,0.642411194719236,3.39184505720159,0.000694236868300906,0.0140787525296988
"LOC102723468",36.056320036978,-3.26799854275868,0.825775373118849,-3.95749092203594,7.57411650068966e-05,0.00247866675287275
"LOC102723566",14.1704188561206,-4.36243369404508,1.41474553266944,-3.08354654127357,0.00204549112615871,0.0312917020124554
"LOC102723872",43.3688251047578,3.9254423829642,1.1360295331934,3.45540522342733,0.000549466330593258,0.0118330233001309
"LOC102724740",30.6741243653792,3.76535984030403,1.26071249441157,2.98669193570695,0.00282013747648641,0.0391255980736145
"LOC102724748",34.769132745155,-2.50501864866397,0.81749986459917,-3.06424350283191,0.00218221211937754,0.0326061954094998
"LOC102724857",18.3190138032555,-3.48001900684519,1.1156734356511,-3.11920934535316,0.00181337071579401,0.0289341847481855
"LOC105369161",48.23714791824,-2.03274652439783,0.701312848460559,-2.89848749935194,0.00374967256030962,0.0477725458256241
"LOC105369313",130.57333021813,-4.45457320566962,0.606291637655056,-7.34724500390356,2.02333794993183e-13,8.99211865946522e-11
"LOC105369315",52.7426162730282,-2.82608860283243,0.688392653768436,-4.1053439303306,4.03713775255996e-05,0.00154187251922713
"LOC105369469",389.432299633838,4.72985117054505,0.513322734830342,9.21418602686341,3.13648892486052e-20,4.02676924276323e-17
"LOC105370047",18.0884477055647,-4.17711056246236,1.24035950173333,-3.36766119550427,0.000758086948575323,0.0151164530128102
"LOC105370062",23.3871168618125,3.91693676350703,1.34310108927639,2.916338014153,0.00354166576399481,0.0458931689449328
"LOC105371126",17.7404265086354,4.98820171135635,1.61190967961646,3.09459132508173,0.00197084249621681,0.0304291767485904
"LOC105371235",63.4742701373526,3.63417904175882,0.855542635488031,4.24780588484145,2.15874311181807e-05,0.000928593364336174
"LOC105371414",117.923552098012,-2.33560140057612,0.604595298171994,-3.86308230917088,0.000111965260952275,0.00338035300441755
"LOC105371763",249.170150649473,2.12760049976826,0.632649383736637,3.36300098358106,0.000771000890832606,0.0153190534142812
"LOC105371912",75.0547392018184,3.2541255434521,0.639647945070124,5.0873696515907,3.63063755274607e-07,3.02339457922123e-05
"LOC105371932",142.730750512649,2.06962382579843,0.521917538768948,3.96542302579077,7.32658935776184e-05,0.00241992678273364
"LOC105372160",11.6521019962909,-5.02840113060181,1.71804517979544,-2.9268154235621,0.00342452051769034,0.0449333706291288
"LOC105372578",20.0369737618242,4.40387681329629,1.07203300510611,4.10796756473034,3.9915614235944e-05,0.0015314191509544
"LOC105372903",18.5356274736848,3.6149159154465,1.16112718001616,3.11328162639013,0.0018501937358353,0.0292698895271006
"LOC105373117",61.9390444756665,-2.21064987975992,0.754140234911319,-2.93135119626641,0.00337491007442307,0.0445626971061084
"LOC105373386",80.5394651770111,2.99485217723681,0.738115098644341,4.05743248273515,4.96151540876394e-05,0.00179626230308612
"LOC105373652",51.6659995356118,2.78333168767878,0.791372132178535,3.51709590785901,0.000436296106473445,0.0100300027782945
"LOC105374152",65.4516742535516,-3.19267206640261,0.699464504075812,-4.56445187396754,5.00801063857597e-06,0.000277686702849943
"LOC105374777",23.6189852542592,3.88815688360444,1.18549273390818,3.27978128620534,0.00103887590212006,0.018996368000174
"LOC105374939",34.6784179404125,5.56482233642446,1.08333720684771,5.13674071309427,2.79544222569315e-07,2.42999639306348e-05
"LOC105374981",98.236406351532,-2.1131790386323,0.600815199454663,-3.51718638368395,0.000436147410214025,0.0100300027782945
"LOC105375130",22.3247214052428,-5.04833139251786,1.33237471599618,-3.78897267556099,0.000151271549303856,0.00432315437993384
"LOC105375235",12.2995805697774,-5.11188098626317,1.69529557636427,-3.01533317111941,0.00256697110904136,0.0363690558657897
"LOC105375724",30.5429943773437,-2.75939307856348,0.857353843067614,-3.21849969050161,0.00128863109856015,0.0221421943286446
"LOC105375914",46.2038122491334,3.43203316816834,0.760865511707538,4.51069619447747,6.46152072282884e-06,0.000339128241710734
"LOC105375945",46.4323409658919,-3.61036462990718,0.794868709922135,-4.54208925932038,5.5699446750526e-06,0.000300917700149031
"LOC105376364",119.684972920126,3.16339131463628,0.815411849446524,3.87950128120348,0.000104670849909582,0.00320542474310262
"LOC105376479",17.9121697542642,5.51834450333503,1.37127748314469,4.02423621124445,5.71605235889818e-05,0.00200001915870043
"LOC105376484",11.6551323477294,4.82620891212588,1.5734580313206,3.0672625618589,0.00216029010201633,0.032365567147803
"LOC105376548",39.8097445558187,-3.54130276659032,0.845896303829308,-4.18645021920431,2.8335104248524e-05,0.00116768614792066
"LOC105376707",49.2277623835475,-3.05311674472096,0.767404562019897,-3.97849699601056,6.93522874004816e-05,0.00233364854176217
"LOC105376786",11.1854740468447,5.84561542939884,1.87707957590309,3.11420757246608,0.0018443968419192,0.0292336023662216
"LOC105377113",87.2267094955959,-3.57350091189186,0.64715634239585,-5.52185102391538,3.35446854980601e-08,4.24852424389146e-06
"LOC105377272",39.0018225738005,3.38381609806793,0.963902392395476,3.5105381258143,0.000447200673417296,0.0102152788219358
"LOC105377276",49.9967467513734,2.04621812082901,0.681804323276256,3.00118091213675,0.00268934733800332,0.0376627639376038
"LOC105377347",190.441881689702,-2.59958449523646,0.518901734092821,-5.00978186126362,5.44917649522325e-07,4.37244017813827e-05
"LOC105378123",15.458266451788,5.43779440535764,1.63164748932423,3.33270172689678,0.000860070945240177,0.0165757321894441
"LOC105378419",18.1331375573379,4.94658206903859,1.30281801021,3.79683273509649,0.000146556605020008,0.00422810482958383
"LOC105378867",52.8657974196451,-5.06027143729329,0.907744284193653,-5.57455610066256,2.48161826480473e-08,3.34017813222507e-06
"LOC105379326",30.0253996442626,-2.78363856445393,0.864316794112265,-3.2206230208832,0.0012791228107919,0.022077104149035
"LOC105379548",102.733937444865,5.46034516905913,0.991691657298369,5.50609166556323,3.66887545439943e-08,4.53581713584641e-06
"LOC105379752",96.4111757013309,-3.40097312842478,0.641085239083544,-5.30502485642408,1.12657644007136e-07,1.16065190029574e-05
"LOC107984201",34.0995558476166,3.6013516261231,0.833124831823391,4.32270349959575,1.54128807187283e-05,0.000700537242647244
"LOC107984251",252.00960049554,4.26608039604355,0.511792553855539,8.33556558004888,7.71286125631921e-17,5.59685453773772e-14
"LOC107984315",147.232791826668,-2.60979356311811,0.541686711796395,-4.81790213103669,1.45075495765468e-06,0.000100469295615173
"LOC107984360",68.5854007367557,3.26048332706492,0.688618491076682,4.73481814577332,2.19251598088779e-06,0.000140203416555622
"LOC107984384",14.6825878589201,3.59532292409346,1.21233906320042,2.96560841205781,0.00302084854171069,0.0411239495604824
"LOC107984434",101.673896936488,-3.16017571577947,0.684935233870733,-4.61383143909908,3.95313063807156e-06,0.000228781946017336
"LOC107984658",6878.42159310161,2.37576687237707,0.409050399408947,5.80800526245641,6.3221530002793e-09,9.95440882779825e-07
"LOC107984747",295.741304142489,-2.24343900313622,0.534706679677984,-4.19564424459273,2.72097052061004e-05,0.00112967656689009
"LOC107984754",41.0830046170274,-2.41076669762174,0.775875564133785,-3.10715636509729,0.0018889645518947,0.0295748765207529
"LOC107985080",20.5969649373784,2.68648667107192,0.923650114658478,2.9085544714789,0.00363103914144596,0.0465811247276965
"LOC107985371",71.9896118562803,4.2882401513014,0.814723461045543,5.2634303003847,1.41392125573537e-07,1.38813798577784e-05
"LOC107985388",84.0041322777004,2.43374288172592,0.72445600269927,3.35940743490007,0.000781098137745963,0.0154644459299883
"LOC107985423",23.3112566706832,3.7033855718732,1.17244772823692,3.15867861967902,0.00158486155635718,0.0260604328823659
"LOC107986127",256.430910172109,4.26490453274072,0.592861938645544,7.19375668217857,6.30324837551805e-13,2.44653989273014e-10
"LOC107986149",62.4171279608634,3.64322369706873,0.778408570081667,4.68034890300154,2.86387113842414e-06,0.000175084283151278
"LOC107986153",627.135151823287,2.52810415865945,0.426776405984565,5.92372053189576,3.14738160771304e-09,5.30604030633643e-07
"LOC107986168",96.5296907822787,-2.76921085143918,0.801793470229227,-3.45377077047969,0.000552807043364663,0.011874323750008
"LOC107986177",8.61434133814295,6.96883143269694,2.13253504941276,3.26786255382576,0.00108362976559494,0.0195152022963471
"LOC107986526",9.6499824889578,-6.29648376348097,1.89189819494591,-3.32813032979345,0.000874309538634863,0.016791974913482
"LOC107986699",58.9224360418338,-2.34783871076415,0.721896218398045,-3.25232166470441,0.00114466401013675,0.0203455189874146
"LOC107986853",128.194497831168,2.70482524735862,0.548466567923204,4.93161371275659,8.15530701361227e-07,6.0226581441234e-05
"LOC107986982",75.7685540520709,-3.3297303169536,0.691898569334642,-4.81245440376557,1.49087894218383e-06,0.000102821361756397
"LOC107986997",16.6990856900433,-3.52231140598429,1.16300243096586,-3.02863632284847,0.00245660214556973,0.0353454222496196
"LOC107987043",56.1300958257866,-2.86171239730808,0.675539462030182,-4.23618834746951,2.2734609707185e-05,0.000968960462309394
"LOC107987081",150.376061372841,-4.61440920158788,0.624035351941034,-7.39446761667422,1.41975949402389e-13,6.58216276534963e-11
"LOC107987223",49.4183156938133,3.51959931215995,0.908675190089102,3.87333048216583,0.000107358089441292,0.00327569746393998
"LOC107987234",99.8867833253777,-4.09269506559501,0.678811233931566,-6.02920938990767,1.64763702904009e-09,2.97782301158056e-07
"LOC112268199",70.2818987977514,-2.59742090396573,0.62416518101855,-4.16143191410822,3.16258292305591e-05,0.00127707470912244
"LOC112268335",105.037291956706,-5.76184663905201,0.79363449145289,-7.26007589274998,3.86873198120158e-13,1.61422841915636e-10
"LOC112268379",23.6770711878296,2.66414468447417,0.895608021020995,2.97467711537134,0.00293297084829422,0.0403223092735013
"LOC112268421",48.0621685514981,-2.09148086465367,0.710869408175262,-2.94214498556397,0.00325947281577771,0.0435890576537064
"LOC112268455",80.3831328610364,-4.89745584335987,0.875226795545857,-5.59564203048131,2.19806815351593e-08,2.98258190912039e-06
"LOC145474",80.6708487713489,-4.36222638266722,0.802713989848079,-5.434347025013,5.49974556783908e-08,6.28703791282426e-06
"LPCAT4",49.5774619699433,-2.16349771802944,0.673260379477771,-3.21346359295285,0.00131144423034089,0.0224032796360178
"LRP12",288.362381640116,2.46675827522422,0.568210484408331,4.34127553593599,1.41657946636866e-05,0.00065674198038036
"LRRC37A17P",27.8367435871675,-2.85032585379873,0.880279211990517,-3.23797928540591,0.00120379549688285,0.0211710714889091
"LRRC37A4P",58.2539973247215,-3.00490848775352,0.734144581083729,-4.09307453215514,4.25690813480407e-05,0.00157883992821956
"LRRN3",96.6505326708422,-3.31470199104131,0.706733589320631,-4.69017185701853,2.72975677188783e-06,0.000168116754696708
"LRRTM2",44.4624085659817,-4.09159158655692,0.837829377644366,-4.88356185129341,1.04186448064127e-06,7.5933267169881e-05
"LTF",1436.92665787379,4.88562016036701,0.579803350590969,8.42633999163217,3.56644938698609e-17,2.70563819403626e-14
"LUC7L3",1087.42160872083,-2.65209412416705,0.454539919799168,-5.83467811878623,5.38945070810596e-09,8.81862081551847e-07
"LYPD3",521.409984453884,2.51394190518348,0.449084669200477,5.5979241278914,2.16933646938166e-08,2.9677234159e-06
"MAGI2-AS3",93.8606149139443,2.2334751002745,0.765764195706607,2.91666169925007,0.00353799281788922,0.0458811966826504
"MAMLD1",86.7565005482809,2.55676671373913,0.560846692064634,4.55876222489065,5.14559882387198e-06,0.00028250014595534
"MAOA",23.3640975816009,5.45331781420851,1.32985924004737,4.10067295093145,4.11950419866612e-05,0.00154995469366353
"MAP1LC3A",166.005875832195,2.58728341428355,0.611994250763388,4.22762699331934,2.36168883721192e-05,0.000997888270710555
"MAP6D1",43.1909341059415,4.04732781927078,0.771007491837354,5.2494014158355,1.52594235188682e-07,1.47213744814977e-05
"MARCKS",5706.48595515713,2.31647347897072,0.51045574849084,4.53804954850517,5.67769217795915e-06,0.000303720136058135
"MARCKSP1",482.23429349019,2.41954963153836,0.524010706313479,4.61736678733223,3.88640001282465e-06,0.000227077489642534
"MCM3AP-AS1",37.5566898133089,-3.46437708497024,0.828737070353996,-4.18030906170328,2.91113163184395e-05,0.00119377854878318
"MDS2",26.333247647491,-3.04678152916103,0.910701997722584,-3.34553074087923,0.000821252549965001,0.0160125059099484
"MEG3",26.8160017424998,-3.42686901166262,1.02291679232951,-3.35009556726363,0.000807836834532116,0.0158807971358551
"MET",631.678161328521,2.24697399805993,0.452607297011649,4.96451120628331,6.88743096025128e-07,5.22505557848154e-05
"MFSD2A",403.877248151769,2.67845730301212,0.592705399518378,4.51903644743002,6.21217011151995e-06,0.000327069776533969
"MFSD3",11.147747675777,-5.08885949391227,1.73921552095932,-2.92595105815601,0.0034340495679024,0.0449523821868949
"MGLL",453.936062473889,2.10172224732127,0.446720777553893,4.70477836027611,2.54141897800119e-06,0.000158269711727014
"MHENCR",91.2189641131582,-2.13730890936797,0.578389227309025,-3.69527786558521,0.000219646442267295,0.00589372849106296
"MIR12136",106.766664157578,-5.00575624835456,0.69427146887046,-7.21008492038228,5.59169938958648e-13,2.22203482886187e-10
"MIR155HG",349.359749538067,3.38861321110006,0.452353970984928,7.49106546743008,6.83167277356226e-14,3.34501696643062e-11
"MIR3945HG",702.01955838158,2.75739242881986,0.41499474641266,6.64440321872891,3.04448074125689e-11,8.06545770977421e-09
"MIR5047",53.6351073827462,-2.25530940458118,0.693967998846828,-3.2498752223861,0.00115455654701553,0.0204995199677545
"MIR9-1HG",24.4195712895271,3.11616888865918,0.94311875302094,3.30411083299708,0.00095278156655878,0.0178673307256922
"MME",89.5993918651882,2.574466011882,0.768695689124382,3.34913548795175,0.000810641439916257,0.0159013471577827
"MMP10",11.1506123261272,4.85814661097035,1.53752487236128,3.15971903824189,0.00157921345860513,0.0259931682683625
"MMP14",167.839106197631,4.42557605154145,0.718543423000712,6.15909339627629,7.31625711503528e-10,1.52635414062424e-07
"MMP8",228.433575631509,6.18580068788306,0.755452791179272,8.18820283690651,2.65155678012331e-16,1.77017930641032e-13
"MOSMO",39.0399367633739,-2.90570025574769,0.777250225218841,-3.7384360421762,0.000185168585529957,0.00515077282082496
"MPP1",1526.49995708027,2.16440255898488,0.420987597487669,5.14125017435525,2.72916366781751e-07,2.384803225962e-05
"MRM1",28.7643128342597,-2.84513160099776,0.876631230605644,-3.24552845217723,0.00117232848897931,0.0207708731221493
"MS4A1",769.183377133748,-2.4528773096627,0.440295869851667,-5.57097505931423,2.53317593463162e-08,3.37905614034685e-06
"MS4A2",51.197919077384,2.50271433384221,0.651377961702671,3.84218453952638,0.000121944093308664,0.00364739590917851
"MS4A3",87.9090792569712,3.26228608088025,0.608083187050187,5.36486808113477,8.10084030673785e-08,9.01353498129698e-06
"MSC",4773.64376348406,3.07780650733581,0.582355291432582,5.28510095574897,1.25635452010143e-07,1.26316608075258e-05
"MSC-AS1",57.5149974374464,2.4573834519153,0.830834139024956,2.95773047409826,0.00309912972565616,0.041984151884092
"MTHFD2P5",58.4853672384633,2.76738102256261,0.670972326726763,4.12443391825541,3.71647671881083e-05,0.00144251154504541
"MTHFD2P7",149.633853537716,2.28585499933271,0.576734093234086,3.96344697868403,7.38752769583854e-05,0.00243191000480365
"MX1",12593.5238692376,4.69369162876092,1.56250112141726,3.00396048644338,0.00266489932625823,0.0373941885712984
"MYL9",160.863988751398,3.25271629236117,0.61650691671968,5.27604184827037,1.3200395588172e-07,1.31139644265828e-05
"NACC2",98.4723178310131,-2.80953144858683,0.594295103969075,-4.72750226246694,2.27298532022734e-06,0.000143697443161342
"NDFIP2",325.648772539206,3.46494707182943,0.480231587446282,7.21515860765202,5.38711489808654e-13,2.1929499426601e-10
"NEAT1",5524.58588022632,-2.32652764688863,0.503798236348801,-4.61797497297683,3.87502974079473e-06,0.000227077489642534
"NEB",50.023078334117,-2.21602820261283,0.732985166379704,-3.02329201770622,0.00250040835555018,0.0357599104148521
"NECTIN2",162.759510373887,2.06259083698976,0.576722507623979,3.57640079886489,0.000348357423928693,0.00842621073242013
"NEK1",532.432593588905,-2.43757163740519,0.464921807013503,-5.24297118490376,1.58011223515209e-07,1.51563639107405e-05
"NINJ1",11350.4000649147,2.18665339865484,0.466528620965211,4.68707234752462,2.77141016642982e-06,0.000170054542932771
"NIPAL4",250.659503966583,3.26036438940572,0.794616923436459,4.10306437384407,4.07713747769596e-05,0.00154508868414699
"NKTR",1736.02662507612,-2.64795925231663,0.477357759376557,-5.5471168118749,2.90418726214595e-08,3.78678792228249e-06
"NLRP3",7497.65111663577,3.21571829911032,0.605854099222745,5.3077437344004,1.10990537136272e-07,1.15057892223874e-05
"NMI",1497.41754469714,2.16676741474781,0.596044318402351,3.63524548066435,0.00027771606104547,0.00707336883304469
"NMUR1",45.6668232238117,-2.4639012619924,0.747610149096474,-3.2957033354485,0.000981756281282793,0.0182454498162685
"NOCT",149.004211051804,2.22682059574119,0.660864022445916,3.3695594254012,0.000752884551024621,0.015048674439043
"NOG",196.586510809787,-3.37426608912162,0.552776209489646,-6.10421727852024,1.03305674424052e-09,1.98180655877866e-07
"NR4A1",1299.97109065926,-2.39673395369474,0.540071515574266,-4.43780848383803,9.08794230811189e-06,0.000459629567037538
"NR4A3",1115.94762881068,-2.33715756891407,0.42019141255347,-5.56212597185496,2.66507793802298e-08,3.50237407760658e-06
"NR5A2",14.7908497996983,7.76086061244873,1.78928803274515,4.3374015085441,1.44177106351463e-05,0.000662896943527801
"NRP1",436.025796314079,4.26661180200242,0.45424432411402,9.3927685509868,5.84434639510817e-21,8.12851177786295e-18
"NRP2",598.810216821859,5.41105959197438,0.709017069078675,7.63177619828776,2.31541142601726e-14,1.28814055667427e-11
"NT5C3A",1930.69966989899,2.00622649811458,0.515944166225156,3.88845659946676,0.000100883705188571,0.00312964505501349
"NTRK2",23.2567318277867,3.71235284098134,1.07290905419699,3.4600815665218,0.000540011785096641,0.0116770748141801
"NUMB",3272.20199861373,2.08393130750705,0.420977073478635,4.95022517565391,7.4127665407452e-07,5.59814812511482e-05
"NUP43",102.750236159087,-2.05754613786918,0.584649262969896,-3.51928287297802,0.000432715068508883,0.00997515814007357
"NXT2",939.852958636795,2.75966195770495,0.451054637501668,6.1182431755726,9.46126121216416e-10,1.85774646624729e-07
"OAF",25.735434288962,-2.85866594003562,0.919132456012199,-3.11017843112449,0.00186974359017671,0.0294116409386837
"OAS1",1924.75026333522,3.94692704375336,0.723437014935544,5.45579913975652,4.87530794271852e-08,5.6654909328133e-06
"OAS2",2473.63246583732,3.80053691860759,0.674787647927415,5.63219692933147,1.77928342862529e-08,2.53814020715863e-06
"OASL",11506.0559959216,5.65433449468456,0.478242045660364,11.8231647467905,2.96307772138328e-32,1.6484589056629e-28
"OLFM4",102.718183092339,3.72489170552283,0.946463963542042,3.93558745922329,8.29934327555134e-05,0.00266890249073125
"OSGIN1",133.962721464522,2.24821531134564,0.61616180929929,3.64874173863899,0.000263527859582718,0.00681150284710107
"OSR2",36.9470869878825,5.54586305398896,1.03721934843794,5.34685653747308,8.94948951312075e-08,9.63657935316034e-06
"P2RX4",1574.60412649206,2.42211427346419,0.465673236861629,5.2013173223951,1.97880911002902e-07,1.82465878709306e-05
"PAIP2B",51.6250084057897,-2.01286628645576,0.658985519774736,-3.05449243732067,0.00225441698392585,0.0332244336554559
"PALM2AKAP2",1629.74658294431,2.13877315953548,0.457340906341564,4.67654025668577,2.91755346401895e-06,0.000177606898119845
"PANDAR",283.995810769885,2.22509205772696,0.612330206609725,3.63381070165814,0.000279265787734337,0.00709428614503208
"PARP9",2206.93922728173,2.90969021877388,0.583208873590612,4.98910484825091,6.06597189511712e-07,4.77552221365588e-05
"PAX5",110.240854823622,-2.92170234373363,0.564453677092367,-5.17615964304459,2.26499669134228e-07,2.05449971622297e-05
"PCSK5",115.955378570661,-2.00092584630051,0.525786042016663,-3.80558951056577,0.00014146684014216,0.00412103739501932
"PDCD6IP-DT",236.171182121715,3.02308725887979,0.721606074111216,4.1893872118569,2.79708763683722e-05,0.00115552952125775
"PDGFRL",15.5942761493492,7.87892993922755,1.86410155486481,4.22666346619669,2.37181985440075e-05,0.000999638216412842
"PDIA3P2",145.590400935231,2.04303818136788,0.520058866298919,3.92847485883182,8.54862856719804e-05,0.00271764972926734
"PDZK1IP1",71.2118144277522,2.70109150806044,0.681217094488818,3.96509648673354,7.3366264353698e-05,0.00241992678273364
"PELI1",9835.67836973304,4.10391192024406,0.5045896128784,8.13316765843345,4.18215580271129e-16,2.68462232104813e-13
"PFKFB4",83.6997823338889,-2.06807385616573,0.634287515667971,-3.26046754047781,0.00111228697644509,0.0198971807469116
"PIK3AP1",1413.91549080197,2.75802346524629,0.540380757247327,5.10385210475578,3.32808404843076e-07,2.83396544736272e-05
"PITX1-AS1",32.4472263885603,-2.73328138223139,0.884305285578983,-3.09087984297394,0.00199564373078197,0.0306979666974665
"PLA1A",19.5351038829478,4.72348873101667,1.14790083936038,4.11489265366218,3.87359641845072e-05,0.00149307908138435
"PLAU",905.383251652437,3.22840389695115,0.662159605688913,4.87556756590779,1.08496051710593e-06,7.87303957847739e-05
"PLEKHM3",344.428848426976,2.05126645206668,0.604518395190986,3.39322420688063,0.00069075075907596,0.0140421804737854
"PLK2",914.585032714921,3.28128556702003,0.426021150382886,7.7021658762035,1.33779068157031e-14,7.97418802693159e-12
"PLSCR1",5466.52563837522,2.70782440845845,0.674268382456271,4.01594450950555,5.92081869700919e-05,0.00205991065554372
"PLXNA3",38.3476723916055,-2.27682145641342,0.763842918477796,-2.98074564983952,0.00287547512337004,0.0397940960274013
"PMAIP1",18646.9717601396,4.74876234805894,0.707276995172499,6.71414789463181,1.89168371610101e-11,5.09229051963321e-09
"PML",1247.54330688225,2.6894470341436,0.589842914811351,4.55959877894568,5.12514454252152e-06,0.000282305816550113
"PNPLA1",326.977715119624,3.60264492631502,0.475950550222548,7.56936813000946,3.75043954739944e-14,1.95608862644052e-11
"PNPT1",1481.00826803147,2.99587625168497,0.619976150255245,4.83224435399905,1.35002410762361e-06,9.46718586396556e-05
"PNPT1P1",81.5625351389482,3.19429975695485,0.746672967361171,4.27804393166111,1.8854281601732e-05,0.000830284854704238
"POLG2",63.9100952093817,-2.01072366688458,0.649812878487655,-3.09431181413986,0.00197270037399489,0.0304291767485904
"PP2D1",79.525009862835,2.37556923980693,0.636740483391394,3.73082802455754,0.000190851473681069,0.00526497701774717
"PPM1B",413.855827831327,-2.08485572359933,0.452261231007455,-4.609848425334,4.0296265716377e-06,0.000231115008524513
"PPP1R15A",41061.496899279,2.30050540205281,0.538082174189171,4.27537932383546,1.90812135162441e-05,0.000838066983121354
"PSD3",76.8814084841439,2.22183405098426,0.607051701066387,3.66004089450906,0.000252174999287745,0.00660722250881079
"PSMA6",3765.76878978384,2.06816436323823,0.41160602213901,5.02462124458364,5.04427045344472e-07,4.07424701146908e-05
"PSMA6P4",46.5995390465388,2.03802991306635,0.664811266467893,3.06557667696322,0.00217250664318469,0.0325194043719752
"PTAFR",1059.42239276813,2.23008470490594,0.447712591656163,4.98106317862646,6.32358889367776e-07,4.90886970397589e-05
"PTGER2",5785.86977611324,2.08728379586724,0.581332472376717,3.59051643431098,0.000330023419852225,0.00810013364313771
"PTGS2",10016.5323789878,3.42138476905644,0.605254548840294,5.65280306544086,1.57852131370707e-08,2.27116557980785e-06
"RAB5A",3516.12884411578,2.01568540178607,0.455329984746741,4.42686725959243,9.56115284434399e-06,0.000476605919674071
"RALGPS2",234.010954907905,-2.0207929119003,0.465635012455742,-4.33986461035804,1.42570528163259e-05,0.000658920288621673
"RAMP1",353.465628726412,3.01269148867047,0.655474589001955,4.5961987531167,4.30268296550299e-06,0.000243429758285576
"RAP1GAP2",333.094194878125,-2.15129200714962,0.497796657406927,-4.32162806868957,1.54882110567306e-05,0.000700537242647244
"RAPGEF2",989.901875863019,2.1808837120066,0.409139511777925,5.33041578538705,9.79881645285431e-08,1.02213904123837e-05
"RASGRF2",98.2540012190173,-2.14874067856421,0.551803735730862,-3.89403068414935,9.85921703789413e-05,0.00308146689817328
"RFNG",20.5429125158594,-2.89137444144501,0.99206899558536,-2.91448926870151,0.00356271057283463,0.0460585898223161
"RFX3",149.538142484045,-2.31286974278489,0.510413262245299,-4.53136686262934,5.86032657739904e-06,0.000311493154703153
"RGL1",572.950445842188,2.55408270909258,0.489840576100683,5.21411012828713,1.84701719792824e-07,1.73183803558552e-05
"RGMA",39.1436131483105,2.95251527258934,0.735651919786327,4.01346777351837,5.98331746435602e-05,0.0020718167734461
"RGS13",72.4943574362939,2.37720088489205,0.638120459556188,3.72531682583158,0.000195070061366868,0.00534600874255013
"RIC3",84.6345647447463,-3.44110817354371,0.709849224015874,-4.84766068218841,1.24925838023639e-06,8.91030870348089e-05
"RIN2",5479.83587790076,3.52648537975545,0.576040237228237,6.12194279469786,9.24412145908742e-10,1.85774646624729e-07
"RND1",27.6341948820812,3.00324940760159,0.899154740821242,3.3400807127576,0.000837540445442538,0.0162730500982957
"RNF144A",100.838660780726,-2.13875041561382,0.594253246957682,-3.59905549790985,0.000319375032800817,0.00789715173416644
"RNF144B",3806.83768661596,2.49688677050121,0.441698915143136,5.65291578697238,1.57748606185036e-08,2.27116557980785e-06
"RNU5B-1",19.7515230800457,4.05451549681406,1.26683053511415,3.20051923633867,0.0013718021211957,0.0232214893886869
"RP2",2012.29801298381,2.44792848532039,0.442568940974323,5.53118002345858,3.1808366779363e-08,4.11536156238425e-06
"RPS2P44",39.4785656331485,-2.94035390269279,0.860459692706854,-3.41718958786199,0.000632712015157155,0.0131489955556185
"RPSAP53",49.9480586397013,2.11249625105358,0.650318166935921,3.24840417884517,0.00116054290033331,0.0205839118029362
"RPSAP6",49.701258593269,-2.18656290149314,0.676741437900195,-3.23101672076952,0.00123350723709596,0.021579911726553
"RRAD",37.4506776376489,-2.62496395323393,0.906543484268432,-2.89557423199863,0.00378465505817567,0.0480549966827688
"RRN3P4",43.4037111850893,4.22802917132253,0.772124628439489,5.47583772825332,4.35446595501806e-08,5.26637947748199e-06
"RSAD2",7837.29068951889,7.9506608486083,0.718805228559958,11.0609390871245,1.94055033281502e-28,8.09694626367067e-25
"RTL5",41.9328647423548,-2.61395395262413,0.775657681776114,-3.36998396849324,0.000751725569534812,0.0150435248867338
"RTN1",21.6742817780222,-3.81841597937979,1.10817636008095,-3.44567536082513,0.000569634237372028,0.0121731055335969
"RTP4",152.604288982789,2.34448615922834,0.592132075986735,3.95939732756661,7.51391387683148e-05,0.00246379612189229
"RUNDC3B",54.4845655169731,-2.91295327740639,0.866702657299704,-3.36096036267153,0.000776719712715656,0.0153960237591737
"S100B",129.75758236535,-3.71206530690222,0.766235964874762,-4.8445459063109,1.26901575693877e-06,9.01271190779065e-05
"SAMD12",46.4559056990294,-2.73802588383397,0.790204350059448,-3.46495926481294,0.000530311798996137,0.0115547048632448
"SAMD9",3740.98134543482,2.57143517464722,0.469222543243394,5.48020382156568,4.24836137013685e-08,5.17555848668497e-06
"SAMD9L",1534.22131417396,2.79052077959537,0.656775395650127,4.24882052232346,2.14899002634366e-05,0.000928442177302072
"SCAT1",30.9972218194594,2.81935215879517,0.829716059011586,3.39797226795125,0.000678873014306575,0.0138682871588455
"SCD",228.289986643892,2.82775138769577,0.517770608603711,5.46139804134782,4.72399530405979e-08,5.59173628544382e-06
"SCML4",269.033135993713,-2.03517884305416,0.491917407895421,-4.13723688242972,3.51513169157543e-05,0.00139022625432213
"SCN3A",21.0592755694444,-2.92791320475478,0.99286921972029,-2.94894145835202,0.00318864370862424,0.0430222016951807
"SDC2",1196.77432557174,3.39603716599022,0.443115720517491,7.66399612729645,1.80235331032391e-14,1.03728540514849e-11
"SDC4",1716.3590162144,2.79615575994153,0.463855965151852,6.02806899125714,1.65930221735765e-09,2.97782301158056e-07
"SDCBP",20626.9583958335,2.02785690731514,0.434987877585578,4.66186993203318,3.13349211581205e-06,0.000188122242492457
"SDS",73.9711854180944,-2.54325704071158,0.620315848874687,-4.09993883813431,4.13259340131979e-05,0.00154995469366353
"SEC31B",86.2117716808903,-2.04092559975964,0.587072884124543,-3.47644330874371,0.000508111638913201,0.0112026198856821
"SEMA4C",183.57652468715,-2.15162038819252,0.532360437083912,-4.04166094681707,5.30739343779538e-05,0.00189274351446164
"SERPINB10",48.5648180214131,3.39761020513991,0.74705639612727,4.547996942069,5.41589223536807e-06,0.000294830792392259
"SERPINB2",52962.8081841775,3.96398777276885,0.457924748534674,8.65641742546854,4.8682343650457e-18,4.06254157763064e-15
"SERPINB8",2759.96350595535,2.09355332868927,0.453682338683952,4.61457974044631,3.93891527118085e-06,0.000228781946017336
"SERPINB9",19314.3833483075,2.33620915533564,0.444699126750975,5.25346018195328,1.49267957905072e-07,1.45689018563489e-05
"SERPINB9P1",315.507161838116,3.45429875390598,0.461336224428545,7.48759488415374,7.01471502846446e-14,3.34501696643062e-11
"SGIP1",28.5761365645308,3.44323467522981,0.964032562118967,3.57169955718248,0.000354672148203594,0.00851316323959246
"SGPP2",94.3930554042308,3.20693219884042,0.777355719204897,4.12543719639777,3.70031151710676e-05,0.00144061986096182
"SH3BP5-AS1",86.5234037608102,-2.21980215806347,0.634714458029773,-3.49732408011311,0.000469950549954687,0.0105268468298083
"SLAMF7",4423.43158059379,3.06057365741387,0.704624539906749,4.34355246528727,1.4019697610929e-05,0.000652464388353317
"SLC16A10",88.6011962186638,-3.09186457229305,0.667630645009927,-4.63110043764854,3.63727366526323e-06,0.000215269849195898
"SLC1A3",161.050796389139,3.42196772216932,0.693762940172042,4.93247408303581,8.11945556093623e-07,6.0226581441234e-05
"SLC22A15",50.306320233114,-2.1953099568303,0.732633680076782,-2.99646333021466,0.00273131085696758,0.0381788762167411
"SLC2A6",1275.38433749437,2.80759986528471,0.442819663561843,6.34027821326099,2.29350617694587e-10,5.1727862288144e-08
"SLC32A1",48.6998416085358,2.27177521746273,0.716439143612488,3.17092559461198,0.00151954059117045,0.0253118262975889
"SLC35E4",100.2563531979,-3.15363653443268,0.657677179459383,-4.79511321500466,1.62582982492839e-06,0.000110305283650629
"SLC35G1",113.097147258944,2.60045207527107,0.735473998348969,3.53574984446588,0.000406619538673687,0.00946510474262738
"SLC43A3",2704.96373978401,2.06009926227545,0.514082714117633,4.0073303491859,6.14089421323873e-05,0.00211759347973046
"SLC45A3",45.9481780593536,2.47530373424696,0.681969750737215,3.62963860430925,0.00028381830197213,0.00718805380867201
"SLC4A2",62.3668541529115,-2.39330094882058,0.64527404361733,-3.70896826316463,0.000208105507770441,0.00561111619497359
"SLC6A6",1129.46232839667,2.05392141188898,0.493720221578761,4.16009173236046,3.18119798612949e-05,0.0012785107182653
"SLC7A11",3635.52155683527,2.86692816591123,0.580624848480003,4.93766013186736,7.90654782741786e-07,5.9175014905652e-05
"SLC8A1-AS1",16.996298598438,-3.68397851799534,1.2082962151006,-3.04890346585139,0.00229678271590025,0.033625704849452
"SLFN5",6049.05859868491,2.27123662697686,0.627131152887039,3.62162940960766,0.000292753297346883,0.00739191003437137
"SLPI",53.1293077046419,3.0855768816594,0.734010174693043,4.20372494557009,2.62557967155879e-05,0.00109552311795791
"SMPDL3A",1595.93146054425,4.03870009914225,0.46635229699547,8.66019128706357,4.7097325849967e-18,4.06254157763064e-15
"SNX10",1721.78272965561,2.20322066683312,0.457185494228824,4.81909573826154,1.44210344191109e-06,0.000100286276856234
"SNX29P1",83.244401382533,-2.00053911210102,0.581891418645372,-3.43799383871001,0.000586041032824717,0.012491730316532
"SOD2",70424.0187953718,3.34706554373984,0.498425609711312,6.71527601817743,1.87710555851524e-11,5.09229051963321e-09
"SORL1-AS1",27.1134999083803,-2.62264661654913,0.87310651559291,-3.00381061154736,0.00266621236667736,0.0373941885712984
"SPARC",618.017652578295,2.02836834975696,0.595005361429608,3.40899171880307,0.000652034589968747,0.0134351324772573
"SPATS2L",148.311016891115,2.57938490149191,0.652390871664729,3.95374155820115,7.69385125955155e-05,0.0025116262432917
"SPG7",150.866206458577,-2.71936845573951,0.555554458579743,-4.894872885534,9.83692907943891e-07,7.20080466385243e-05
"SPICE1",61.2955496124137,-2.07248501660486,0.649852636928222,-3.18916150960202,0.00142686133331155,0.0240063665856549
"SPIN3",53.7279058477137,-2.08594300468007,0.678234255135633,-3.07554947112325,0.00210115068414322,0.031764678368071
"SPINK1",15.5728354142262,3.13477986597091,1.05946112015346,2.9588437049175,0.00308795673284479,0.0418667732503489
"SPON1",76.0969532999175,2.22379074597819,0.697603387777386,3.18775795092301,0.00143380505486706,0.02407465429148
"ST18",29.9945691227594,2.77800245620035,0.907715539360031,3.06043285119799,0.00221017314636186,0.0328982722253877
"ST20-AS1",91.1356217700768,2.58079172763674,0.590848510533913,4.36794149705928,1.25423077214796e-05,0.00059311010778368
"ST3GAL6-AS1",29.9968337598166,4.29493167013277,0.985847485027856,4.35658835201209,1.32105382370373e-05,0.000621081361059584
"ST6GALNAC1",81.9248785125419,2.4896191404881,0.751389814976291,3.31335225852995,0.000921847957765175,0.0174440390193886
"STAT1",8278.58277497484,2.85513429755407,0.697099403113111,4.09573481888464,4.2083142426374e-05,0.00156860326850562
"STEAP4",339.273677141325,2.73763906165861,0.673411011876627,4.06533159300365,4.79642182360077e-05,0.00174913293019894
"STK39",100.901489582284,-2.26189174489976,0.552339772924503,-4.09510930730842,4.21969254215104e-05,0.00156860326850562
"STMN3",163.923567101787,-2.15808797773986,0.500756779813695,-4.30965303863239,1.63510874660458e-05,0.000732947601098758
"STON2",127.930343400671,2.06297766653847,0.565542170022106,3.64778751416155,0.000264508245165709,0.00682292401055302
"STX11",9810.30415230379,2.71622215285124,0.530713933334727,5.11805321519247,3.08705511051704e-07,2.66958289090826e-05
"SUCNR1",39.5352525993758,2.15549401599742,0.712884473973181,3.02362317415053,0.00249767330020251,0.0357514300003258
"TAMALIN",90.4238832959831,-2.17765929786886,0.612822477454369,-3.5534912278589,0.000380153875417878,0.00902308536469875
"TCN1",131.165011359189,5.99805720211925,0.786866436533785,7.62271323776524,2.48398300422249e-14,1.33734439807979e-11
"TDRD7",431.287188626148,3.18211227753073,0.727611258843094,4.37336866198347,1.22343860633672e-05,0.000583405438278853
"TEP1",64.3051005280644,-2.11142089488529,0.675585298796215,-3.12532096042868,0.00177611152039241,0.0284211901010061
"TFPI",120.236120646553,2.87356701206535,0.526556461073878,5.4572818386938,4.8347861871263e-08,5.6654909328133e-06
"THAP2",252.381337648195,2.06321989940288,0.588638769680846,3.50506967205292,0.00045648780569055,0.0103656890843201
"THBD",3019.04233112069,-2.17961173579503,0.527793333516167,-4.12966893930702,3.63285974483795e-05,0.00141996321174111
"TIMP2",157.022255267695,-2.41448317402189,0.539731378533888,-4.47349046220089,7.69529921710446e-06,0.000393970993660962
"TKTL1",173.074251400128,2.10493582529872,0.677715717573427,3.10592741280294,0.0018968327197169,0.029642451397074
"TLCD3A",52.7553333904012,2.12115352734582,0.69556975506236,3.0495194937791,0.00229207757483805,0.0335862815838867
"TLR4",4231.55325656913,3.03660545185297,0.43086026963823,7.0477731780715,1.81803668873822e-12,6.59631137718279e-10
"TLR7",319.125277670597,2.58101806640204,0.443309576218359,5.82215725728136,5.80928481189629e-09,9.30855077448345e-07
"TMEM119",87.7153947850307,2.73336143250497,0.573229276737148,4.76835629900729,1.85735084737207e-06,0.000122044037963149
"TMEM156",235.139247565673,-2.18280074561903,0.538606960262419,-4.05267831027569,5.06346048162514e-05,0.00182131800513629
"TMEM176B",89.8286569620317,2.31087238072557,0.672875600958824,3.43432333916204,0.000594035141367852,0.01259777193066
"TMEM181",278.081296486464,-2.37460112354016,0.477786442014644,-4.97000524654356,6.69510900001343e-07,5.12575088120294e-05
"TMEM259",92.6284054378023,-2.27394883565781,0.690245890020966,-3.2944040211362,0.000986306211616405,0.0182499453125031
"TNFAIP6",6613.39596229423,4.21772372077148,0.660625148924134,6.38444317119971,1.72022248270195e-10,4.04373425863318e-08
"TNFRSF21",715.608471334431,2.33069454385153,0.468520504010535,4.97458387391967,6.53879486358872e-07,5.05242992005999e-05
"TNFRSF4",372.140529803235,2.52064484083312,0.532992864574839,4.72922811610959,2.25375044657269e-06,0.000143023174727369
"TNFRSF9",494.292630003354,3.28787142723763,0.478521117167295,6.87090142792624,6.37974677505172e-12,1.97181432732617e-09
"TNFSF10",1519.5410790775,2.97231704872918,0.620029518451676,4.79383151975019,1.63625706572091e-06,0.000110563281080494
"TNFSF15",79.6498100769144,-2.62424122689647,0.837351076174851,-3.13397964314372,0.00172452819373798,0.0278090585057845
"TNFSF18",29.8662688551952,4.13023706626784,0.894550199081078,4.61711044333857,3.89120203941072e-06,0.000227077489642534
"TNFSF8",6449.6798553881,2.27195843401023,0.428426281947649,5.30303235292144,1.13894726604616e-07,1.16619815155279e-05
"TNIP1",12288.0508090127,2.94033818615326,0.420306549310957,6.99569918901717,2.6393929636602e-12,9.17738928406017e-10
"TNIP3",249.15470479453,3.93844469861482,0.562086031875559,7.00683609851161,2.43767543119766e-12,8.65634105248701e-10
"TNK2-AS1",53.0730310132788,2.18655129449067,0.72470211493512,3.01717250361056,0.00255144571190967,0.0361798036803504
"TPST1",905.742415205876,4.78860020560052,0.546246258558974,8.76637620957458,1.84508769665345e-18,1.71080631428589e-15
"TRABD2A",195.958298580114,-2.1052321561663,0.555727816285524,-3.7882432631097,0.000151716261978438,0.00432845198704296
"TRAF1",4102.78275528237,2.30773104319817,0.446318828248413,5.17058859527595,2.33357805785543e-07,2.10526582624903e-05
"TRAF3IP3",684.806117756483,-2.38119480770026,0.435978117087096,-5.46173010611118,4.71516558498455e-08,5.59173628544382e-06
"TRAFD1",2166.31707659463,2.44504796613239,0.458668212266751,5.33075521856832,9.78051756180664e-08,1.02213904123837e-05
"TRANK1",854.788988158391,2.08165384418415,0.661014806169369,3.14917884555036,0.001637299600806,0.0268170072006399
"TRAPPC12",37.4378426304418,-2.19764023178406,0.74939806755574,-2.93254056412496,0.00336201000095496,0.0445626971061084
"TRAV10",126.737145815158,3.96099942192778,0.847106281857999,4.67591789455266,2.92641683540787e-06,0.000177606898119845
"TRBV28",88.4599982826195,2.73310153069824,0.598055633751502,4.56997873852296,4.87773697773919e-06,0.000272272341667114
"TRBV4-1",89.1462698207051,2.60579045353909,0.872195530817771,2.98762188232712,0.0028115716303223,0.0390392100749411
"TRBV6-6",95.0061903188992,2.38364117988155,0.778185524289418,3.06307571328587,0.00219074623719908,0.0326752052715395
"TREM1",4001.5695391782,2.0819349014117,0.43743015781315,4.75946814417173,1.94103756385933e-06,0.00012634912005773
"TREML1",107.340647124822,2.09066277843132,0.634140478625135,3.29684486151086,0.000977774939020652,0.0182430824216386
"TRIM16",66.5162735182205,2.49001274793245,0.696561786277715,3.5747191376067,0.0003506040575347,0.00845497729592776
"TRIM36",273.147378820197,2.30390823704475,0.484971700514605,4.75060345706783,2.02810499360736e-06,0.000131197954819019
"TRIM5",219.928971681533,2.3311073781954,0.765886620553859,3.04367162924147,0.00233710087006391,0.0340368355334788
"TRIM66",37.5472417563644,-2.35193085050772,0.769480133286971,-3.05651926380611,0.00223923091311106,0.0331025367048925
"TRIP10",360.843611037899,3.11772301850173,0.483609846572808,6.44677324210013,1.14256534950353e-10,2.76368343234983e-08
"TRMT13",175.439698040593,-2.24829527439693,0.507594879274168,-4.42931039338274,9.45348832813114e-06,0.000473809970560086
"TRNC",30.0731709668475,-3.89369509343284,0.95706528011461,-4.06836939374351,4.73432856459812e-05,0.00173280578384085
"TRNN",103.131329979774,-4.60264092988857,0.670684472636159,-6.86260248697523,6.76171937937807e-12,2.0152338650325e-09
"TRNS1",1085.32288628988,-4.6681855500696,0.432031024880755,-10.8052090734874,3.25215296647876e-27,9.04640550175507e-24
"TRNY",41.0592741828015,-3.29731108509771,0.788316211014743,-4.18272647324265,2.88033854959623e-05,0.0011840603545015
"TSLP",16.3510440019455,6.4171537044984,1.75084679224667,3.66517146612466,0.000247172925392662,0.00652739893165114
"TUBB2A",229.03997686212,2.27589685074855,0.702391428221407,3.24021159613461,0.00119441030129655,0.0210590818210229
"TUBB6",1035.99836064504,2.12549302919661,0.64223378091236,3.30953165711266,0.000934521973809336,0.0176239228733083
"TXN",2547.73906047825,2.10979196431614,0.519805847066442,4.05880768025771,4.93239138458149e-05,0.00178960026540576
"TXNP1",29.4965520246586,4.12672765333875,1.06063317191158,3.89081518721608,9.99080084518551e-05,0.00311094153183108
"TXNP4",266.787381139552,2.49780111335173,0.61936192895675,4.03286188022408,5.51016686910621e-05,0.00194428509609688
"TXNP5",142.94584808313,2.36422565821599,0.624586768505108,3.78526375746728,0.000153545638447745,0.00437316843974892
"TXNRD1",4838.87324925622,2.25928772612166,0.552728530158701,4.08751783714324,4.36013162240854e-05,0.00161353873121948
"UBE2FP1",238.031731474243,2.32664760187177,0.658874400475403,3.53124601622555,0.00041360686216201,0.00960097152918491
"ULBP2",48.0755024631353,2.0853793121272,0.713147519358978,2.9241906555346,0.00345353150411719,0.0451366020389317
"UPB1",154.670105572858,3.71452707577499,0.524505021596359,7.08196665967015,1.42122855684135e-12,5.27117880304048e-10
"USP18",635.421238503516,5.80729345217685,1.65437608010211,3.51026197853298,0.000447665397589035,0.0102152788219358
"USP3-AS1",52.3988631300678,-2.02251794239155,0.687090060920711,-2.94359947469092,0.00324419547335144,0.0434555557385519
"USP41",202.939398818942,5.88434162322047,1.85572617568357,3.17091050410653,0.00151961952966951,0.0253118262975889
"VASH2",96.8497703361549,2.50822019215188,0.632242571306209,3.96718017100607,7.27280125641522e-05,0.00241992678273364
"VCAM1",39.7009291190932,2.60576729841667,0.749258186660668,3.47779623207079,0.000505554084480827,0.0111757585032914
"VIPR2",31.3559783379018,2.61285958547784,0.827692340377997,3.15680048976238,0.00159510443045396,0.026177279197912
"VNN3",105.955365407901,2.90262295732975,0.652636309264789,4.44753519858499,8.68612291354927e-06,0.000440642527134156
"VPREB3",13.7709850793365,-4.31522707874248,1.4207175619683,-3.03735745531577,0.00238662253341552,0.0346673020737207
"VSIG4",106.129850739717,2.04314963472537,0.59108139463805,3.456629921462,0.000546975465216249,0.0117946001478801
"WASL-DT",102.352976584213,2.49404864101397,0.588318231243061,4.2392849797367,2.24232854111186e-05,0.000959601624388639
"WI2-87327B8.2",79.3660560711993,2.11135479209106,0.723157358288661,2.91963397439188,0.00350442724267297,0.0455468621093147
"XAF1",2604.13134296336,3.64940651688245,0.603413473620549,6.04793674059945,1.467125365879e-09,2.6908046545627e-07
"XCR1",127.0799764152,3.8586862713047,0.822083979782639,4.69378599534921,2.68194599899592e-06,0.000166400292651457
"XIRP1",13.5294071169498,4.51697626647354,1.31780599701003,3.42764889272178,0.000608832331798457,0.0127655924845681
"YPEL3",69.2318135479674,-2.27397389749102,0.67358296233442,-3.37593737467789,0.000735646620091568,0.014739426277705
"ZBTB18",254.685524525457,-2.16202794852616,0.501296658950558,-4.31287125083234,1.61147969277329e-05,0.000724948681196395
"ZDHHC16",87.2513679573679,-2.00586487468194,0.624618471108413,-3.21134415241106,0.00132115609703684,0.0225461096723363
"ZFP14",33.6771493391167,-2.3174092650309,0.793138488323315,-2.92182172363098,0.00347990665409469,0.0453747203569065
"ZHX2",1887.38495765744,2.51281010619448,0.571397919230697,4.39765358189895,1.09427449551291e-05,0.00053401875234241
"ZMAT1",68.1293606114387,-2.45772985881785,0.645897600003369,-3.80513855262045,0.000141724835198076,0.00412103739501932
"ZNF204P",29.7983412361856,-3.02766547071822,0.904450286963117,-3.34752005097399,0.00081538088996414,0.015937298591418
"ZNF439",36.9314042458981,-3.36268474827558,0.830934795244619,-4.04686958293236,5.19071418466097e-05,0.00185509678248376
"ZNF521",24.5422211290785,2.94036294634357,1.00596270115388,2.92293436224908,0.00346749604188226,0.0452482478022009
"ZNF540",71.7159314914331,-2.1976736218438,0.600534810364335,-3.65952744772698,0.000252680778563032,0.00661009748309875
"ZNF573",53.7510202137539,-2.20610213377498,0.661376797279538,-3.33562069738372,0.000851091994739132,0.016459704973576
"ZNF582-DT",13.7433221073205,-3.75127979501495,1.29717737384273,-2.891878836818,0.00382945599241405,0.0484466503050477
"ZNF609",48.8522492126464,-2.11943995613204,0.734355690612904,-2.88612178434012,0.00390021206011084,0.0491650598816087
"ZNF740",87.8116170970563,-2.12384249546249,0.58980147868855,-3.60094467749547,0.000317063044149254,0.00787467590305215
"ZNF783",85.1995982152818,-3.24986733136562,0.851318120953289,-3.81745348933308,0.000134836195676663,0.00396200018634421
"ZSWIM3",25.1583710027102,-2.83186699061155,0.958474281347218,-2.95455709738097,0.00313118207118049,0.0423153269376538
